{"stats":{"minecraft:picked_up":{"minecraft:stick":5,"minecraft:raw_iron":1,"minecraft:sandstone":7,"ecologics:seashell":3,"minecraft:sand":10,"minecraft:oak_log":14,"minecraft:rotten_flesh":1,"ecologics:coconut_log":1,"minecraft:oak_sapling":10,"minecraft:cobblestone":29},"minecraft:used":{"minecraft:stone_sword":5,"minecraft:stone_pickaxe":22,"minecraft:wooden_pickaxe":15,"minecraft:sandstone":1,"minecraft:wooden_shovel":7,"minecraft:rotten_flesh":1,"minecraft:stone_axe":8,"minecraft:crafting_table":1,"ecologics:seashell":2,"alexsmobs:animal_dictionary":1},"minecraft:crafted":{"minecraft:wooden_sword":1,"minecraft:oak_planks":56,"minecraft:wooden_shovel":1,"minecraft:stone_shovel":1,"minecraft:crafting_table":1,"ecologics:coconut_planks":4,"minecraft:stick":12,"minecraft:wooden_pickaxe":1,"minecraft:stone_pickaxe":1,"minecraft:stone_sword":1,"minecraft:stone_hoe":1,"minecraft:stone_axe":1},"minecraft:mined":{"ecologics:seashell":2,"minecraft:iron_ore":1,"treechop:chopped_log":2,"minecraft:sand":12,"minecraft:stone":29,"minecraft:sandstone":7},"minecraft:custom":{"minecraft:time_since_rest":25382,"minecraft:sprint_one_cm":577,"minecraft:damage_taken":387,"minecraft:walk_one_cm":21976,"minecraft:mob_kills":1,"minecraft:damage_dealt":307,"minecraft:interact_with_crafting_table":4,"minecraft:fly_one_cm":1810,"minecraft:crouch_one_cm":151,"minecraft:play_time":25382,"tombstone:undead_killed":1,"minecraft:sneak_time":207,"minecraft:jump":113,"minecraft:leave_game":1,"minecraft:time_since_death":25382,"minecraft:climb_one_cm":245,"minecraft:total_world_time":25382,"minecraft:fall_one_cm":1448},"minecraft:killed":{"undead_revamp2:therod":1}},"DataVersion":3465}