{"stats":{"minecraft:crafted":{"minecraft:cooked_cod":10},"minecraft:custom":{"minecraft:interact_with_furnace":4,"spartanshields:shield_bash_hits":1,"minecraft:mob_kills":13,"minecraft:interact_with_crafting_table":4,"minecraft:open_barrel":10,"minecraft:bell_ring":2,"minecraft:leave_game":1,"minecraft:time_since_death":4049,"minecraft:climb_one_cm":1678,"minecraft:time_since_rest":1,"minecraft:sprint_one_cm":277006,"minecraft:damage_taken":2510,"minecraft:walk_one_cm":240632,"minecraft:damage_blocked_by_shield":127,"minecraft:drop":72,"minecraft:damage_dealt":3711,"minecraft:swim_one_cm":93756,"minecraft:fly_one_cm":175553,"minecraft:deaths":1,"minecraft:open_chest":7,"minecraft:crouch_one_cm":19364,"minecraft:play_time":112299,"tombstone:undead_killed":2,"minecraft:sneak_time":9430,"minecraft:walk_under_water_one_cm":14042,"minecraft:jump":1148,"minecraft:walk_on_water_one_cm":18904,"minecraft:total_world_time":112299,"minecraft:interact_with_smoker":6,"minecraft:fall_one_cm":24115},"minecraft:mined":{"farmersdelight:wild_carrots":1,"minecraft:crafting_table":1,"minecraft:granite":8,"minecraft:grass_block":1,"swem:star_worm_cobble":1,"minecraft:tall_grass":1,"minecraft:copper_ore":9,"minecraft:cobblestone":7,"minecraft:spruce_leaves":11,"minecraft:diorite":2,"minecraft:wall_torch":1,"farmersdelight:wild_beetroots":1,"minecraft:iron_ore":2,"minecraft:sweet_berry_bush":12,"born_in_chaos_v1:black_argillite_brick_stairs":2,"minecraft:spruce_log":2,"treechop:chopped_log":16,"born_in_chaos_v1:black_argillite_brick":1,"minecraft:grass":7,"chococraft:gysahl_green":57,"minecraft:coal_ore":18,"minecraft:gravel":1,"minecraft:sand":6,"minecraft:dirt":8,"minecraft:stone":56,"minecraft:fern":1},"minecraft:killed":{"born_in_chaos_v1:restless_spirit":2,"minecraft:spider":1,"born_in_chaos_v1:decrepit_skeleton":1,"born_in_chaos_v1:maggot":1,"alexsmobs:catfish":1,"untamedwilds:bison":3,"alexsmobs:bison":2,"minecraft:drowned":1},"minecraft:picked_up":{"swem:timothy_seeds":3,"minecraft:crafting_table":1,"chococraft:loverly_gysahl_green":14,"born_in_chaos_v1:monster_flesh":8,"minecraft:water_bucket":1,"minecraft:andesite":1,"swem:star_worm":3,"minecraft:leather":12,"iceandfire:armor_copper_metal_chestplate":1,"minecraft:smoker":1,"minecraft:chain":1,"skilltree:gem":4,"minecraft:dirt":31,"minecraft:raw_copper":50,"minecraft:iron_leggings":1,"born_in_chaos_v1:monster_skin":1,"minecraft:bone":14,"born_in_chaos_v1:black_argillite_brick":1,"chococraft:gysahl_green":187,"untamedwilds:material_fat":5,"chococraft:gold_gysahl":5,"minecraft:wheat_seeds":2,"minecraft:beef":24,"born_in_chaos_v1:smoked_flesh":7,"minecraft:stone_pickaxe":1,"swem:oat_seeds":1,"crittersandcompanions:clam":1,"minecraft:furnace":1,"minecraft:stick":49,"minecraft:raw_iron":3,"minecraft:sweet_berries":31,"ecologics:coconut_slice":6,"minecraft:torch":24,"born_in_chaos_v1:ethereal_spirit":3,"minecraft:gravel":2,"minecraft:sand":16,"minecraft:carrot":6,"minecraft:spruce_sapling":56,"chococraft:gysahl_green_seeds":54,"minecraft:white_bed":1,"minecraft:diorite":6,"minecraft:spruce_log":118,"iceandfire:armor_copper_metal_boots":1,"born_in_chaos_v1:black_argillite_brick_stairs":2,"alexsmobs:raw_catfish":1,"minecraft:stone_sword":3,"minecraft:rotten_flesh":4,"minecraft:stone_axe":1,"spartanshields:copper_tower_shield":1,"minecraft:granite":27,"minecraft:gold_ingot":2,"minecraft:oak_sapling":1,"minecraft:coal":51,"iceandfire:raw_silver":1,"minecraft:cobblestone":119},"minecraft:dropped":{"iceandfire:raw_silver":1,"minecraft:wheat_seeds":2,"minecraft:stone_sword":2,"minecraft:rotten_flesh":2,"minecraft:granite":27,"chococraft:gysahl_green_seeds":49,"minecraft:dirt":29,"swem:timothy_seeds":1,"minecraft:diorite":6,"minecraft:andesite":1,"skilltree:gem":1,"minecraft:oak_sapling":1,"swem:star_worm":3,"minecraft:spruce_log":54,"chococraft:gysahl_green":1,"swem:oat_seeds":1,"tombstone:tablet_of_cupidity":1,"minecraft:spruce_sapling":56},"minecraft:used":{"alexsmobs:raw_catfish":1,"minecraft:stone_sword":162,"minecraft:stone_pickaxe":106,"minecraft:torch":1,"iceandfire:armor_copper_metal_boots":1,"minecraft:crafting_table":1,"born_in_chaos_v1:smoked_flesh":1,"iceandfire:armor_copper_metal_chestplate":1,"spartanshields:copper_tower_shield":3,"minecraft:stone_axe":102,"ecologics:coconut_slice":5,"minecraft:cobblestone":55,"minecraft:sweet_berries":20,"minecraft:cooked_cod":10,"chococraft:gysahl_green":52,"alexsmobs:animal_dictionary":2,"minecraft:iron_leggings":1}},"DataVersion":3465}