{"stats":{"minecraft:used":{"minecraft:apple":3,"minecraft:stone_sword":17,"minecraft:melon_slice":5,"minecraft:stone_pickaxe":52,"minecraft:stone_shovel":8,"minecraft:stone_axe":50,"minecraft:torch":1,"minecraft:dirt":5,"minecraft:cobblestone":31,"tombstone:gift":2,"chococraft:gysahl_green":41},"minecraft:dropped":{"minecraft:dirt":3,"minecraft:oak_log":22,"minecraft:raw_iron":1,"minecraft:oak_sapling":21,"minecraft:rotten_flesh":2,"swem:oat_seeds":1,"minecraft:stick":15},"minecraft:picked_up":{"minecraft:crafting_table":1,"minecraft:stick":15,"minecraft:raw_iron":1,"minecraft:torch":23,"minecraft:oak_log":44,"chococraft:gysahl_green_seeds":6,"minecraft:dirt":8,"minecraft:stone_sword":1,"chococraft:gysahl_green":41,"minecraft:rotten_flesh":2,"minecraft:stone_shovel":1,"minecraft:apple":3,"minecraft:stone_axe":1,"minecraft:stone_pickaxe":1,"minecraft:melon_slice":27,"minecraft:oak_sapling":21,"swem:oat_seeds":1,"minecraft:cobblestone":50,"minecraft:furnace":2},"minecraft:custom":{"minecraft:time_since_rest":8212,"minecraft:interact_with_furnace":3,"minecraft:sprint_one_cm":52997,"minecraft:damage_taken":1571,"minecraft:walk_one_cm":92864,"minecraft:drop":7,"minecraft:damage_dealt":337,"minecraft:swim_one_cm":22659,"minecraft:interact_with_crafting_table":1,"minecraft:fly_one_cm":53211,"minecraft:open_chest":1,"minecraft:walk_under_water_one_cm":776,"minecraft:crouch_one_cm":2804,"minecraft:play_time":36532,"minecraft:deaths":2,"minecraft:sneak_time":867,"minecraft:jump":428,"minecraft:walk_on_water_one_cm":4312,"minecraft:time_since_death":8504,"minecraft:total_world_time":36532,"minecraft:fall_one_cm":10269},"minecraft:mined":{"minecraft:furnace":2,"minecraft:iron_ore":1,"minecraft:fire":1,"treechop:chopped_log":8,"minecraft:crafting_table":1,"minecraft:torch":1,"minecraft:melon":3,"minecraft:grass":4,"chococraft:gysahl_green":3,"minecraft:grass_block":2,"minecraft:dirt":6,"minecraft:cobblestone":3,"minecraft:stone":46,"minecraft:wall_torch":6}},"DataVersion":3465}