{"stats":{"minecraft:mined":{"minecraft:grass":2,"minecraft:oak_log":7,"minecraft:oak_sapling":1,"treechop:chopped_log":10,"minecraft:oak_leaves":2},"minecraft:killed":{"undead_revamp2:sucker":1},"minecraft:picked_up":{"minecraft:stone_sword":1,"minecraft:stick":12,"minecraft:rotten_flesh":1,"minecraft:apple":2,"minecraft:stone_axe":1,"untamedwilds:hide_tan":3,"minecraft:stone_pickaxe":1,"minecraft:oak_log":54,"minecraft:oak_sapling":18,"swem:timothy_seeds":1,"minecraft:dirt":18,"minecraft:cobblestone":3},"minecraft:dropped":{"tombstone:grave_key":1},"minecraft:used":{"minecraft:stone_axe":44,"minecraft:rotten_flesh":1,"minecraft:apple":1,"minecraft:dirt":2,"minecraft:oak_sapling":7,"tombstone:gift":2,"minecraft:stone_sword":25},"minecraft:custom":{"minecraft:time_since_rest":425,"minecraft:deaths":4,"minecraft:crouch_one_cm":2234,"tombstone:undead_killed":1,"minecraft:play_time":19245,"minecraft:sprint_one_cm":36774,"minecraft:damage_taken":1082,"minecraft:walk_one_cm":52203,"minecraft:sneak_time":695,"minecraft:mob_kills":1,"minecraft:drop":1,"minecraft:jump":107,"minecraft:damage_dealt":454,"minecraft:leave_game":1,"minecraft:time_since_death":2568,"minecraft:total_world_time":19245,"minecraft:fall_one_cm":1327,"minecraft:fly_one_cm":12240},"minecraft:killed_by":{"minecraft:zombie":3,"minecraft:skeleton":1}},"DataVersion":3465}