{"stats":{"minecraft:custom":{"minecraft:interact_with_furnace":3,"minecraft:mob_kills":2,"minecraft:interact_with_crafting_table":2,"minecraft:leave_game":1,"minecraft:time_since_death":26315,"minecraft:time_since_rest":26023,"minecraft:sprint_one_cm":100104,"minecraft:damage_taken":1958,"minecraft:walk_one_cm":135689,"minecraft:drop":24,"minecraft:damage_dealt":733,"minecraft:swim_one_cm":29785,"minecraft:talked_to_villager":1,"minecraft:fly_one_cm":96865,"minecraft:open_chest":1,"minecraft:crouch_one_cm":3298,"minecraft:play_time":54343,"tombstone:undead_killed":1,"minecraft:deaths":2,"minecraft:sneak_time":1067,"minecraft:walk_under_water_one_cm":4861,"minecraft:jump":681,"minecraft:interact_with_blast_furnace":6,"minecraft:walk_on_water_one_cm":10397,"minecraft:total_world_time":54343,"minecraft:fall_one_cm":16740},"minecraft:dropped":{"crittersandcompanions:clam":1,"minecraft:oak_log":22,"minecraft:raw_iron":1,"scalinghealth:heart_crystal_shard":2,"minecraft:rotten_flesh":2,"chococraft:gysahl_green_seeds":6,"minecraft:golden_apple":1,"minecraft:stick":15,"minecraft:dirt":14,"minecraft:melon_slice":4,"skilltree:gem":3,"minecraft:oak_sapling":21,"tombstone:grave_dust":1,"swem:leggings_gold":1,"tombstone:scroll_of_preservation":1,"swem:oat_seeds":2,"hmag:exp_berry":1},"minecraft:used":{"minecraft:stone_sword":25,"minecraft:stone_shovel":8,"minecraft:stone_pickaxe":68,"minecraft:torch":1,"minecraft:dirt":5,"minecraft:crafting_table":1,"minecraft:apple":3,"minecraft:melon_slice":18,"minecraft:stone_axe":52,"minecraft:cobblestone":33,"minecraft:furnace":2,"tombstone:gift":2,"chococraft:gysahl_green":41},"minecraft:killed":{"enemyexpansion:direwolf":1,"minecraft:drowned":1},"minecraft:crafted":{"minecraft:copper_ingot":8},"minecraft:mined":{"monsters_and_girls:ink_cap_mushroom":1,"minecraft:crafting_table":2,"minecraft:torch":1,"minecraft:blast_furnace":1,"minecraft:grass_block":2,"minecraft:melon":3,"minecraft:copper_ore":11,"minecraft:cobblestone":3,"minecraft:wall_torch":6,"minecraft:furnace":2,"minecraft:iron_ore":1,"minecraft:fire":1,"treechop:chopped_log":8,"minecraft:grass":5,"chococraft:gysahl_green":8,"minecraft:dirt":6,"minecraft:stone":50},"minecraft:picked_up":{"chococraft:loverly_gysahl_green":1,"minecraft:crafting_table":2,"minecraft:oak_log":44,"skilltree:gem":3,"minecraft:dirt":19,"minecraft:raw_copper":55,"chococraft:gysahl_green":57,"minecraft:apple":3,"minecraft:stone_pickaxe":1,"minecraft:melon_slice":27,"swem:oat_seeds":2,"crittersandcompanions:clam":1,"minecraft:furnace":2,"minecraft:stick":15,"minecraft:raw_iron":1,"scalinghealth:heart_crystal_shard":2,"minecraft:copper_ingot":2,"minecraft:torch":23,"chococraft:gysahl_green_seeds":10,"minecraft:blast_furnace":1,"monsters_and_girls:ink_cap_mushroom":1,"minecraft:stone_sword":1,"minecraft:rotten_flesh":2,"minecraft:stone_shovel":1,"minecraft:stone_axe":1,"minecraft:oak_sapling":21,"minecraft:cobblestone":54}},"DataVersion":3465}