{"stats":{"minecraft:custom":{"minecraft:interact_with_furnace":3,"minecraft:mob_kills":2,"minecraft:interact_with_crafting_table":7,"minecraft:leave_game":1,"minecraft:time_since_death":1132,"minecraft:climb_one_cm":614,"minecraft:time_since_rest":66,"minecraft:sprint_one_cm":216188,"minecraft:damage_taken":3072,"minecraft:walk_one_cm":208888,"minecraft:drop":37,"tombstone:eaten_lollipop":1,"minecraft:damage_dealt":733,"minecraft:swim_one_cm":47355,"minecraft:talked_to_villager":1,"minecraft:fly_one_cm":186379,"minecraft:open_chest":3,"minecraft:crouch_one_cm":5717,"minecraft:play_time":90343,"tombstone:undead_killed":1,"minecraft:deaths":3,"minecraft:sneak_time":1825,"minecraft:walk_under_water_one_cm":5547,"minecraft:jump":1220,"minecraft:interact_with_blast_furnace":11,"minecraft:walk_on_water_one_cm":14843,"minecraft:total_world_time":90343,"minecraft:fall_one_cm":35345},"minecraft:dropped":{"chococraft:loverly_gysahl_green":1,"crittersandcompanions:clam":1,"minecraft:oak_log":44,"chococraft:gold_gysahl":1,"minecraft:raw_iron":1,"scalinghealth:heart_crystal_shard":2,"minecraft:rotten_flesh":2,"chococraft:gysahl_green_seeds":14,"iceandfire:armor_copper_metal_helmet":1,"minecraft:copper_ingot":23,"minecraft:golden_apple":1,"minecraft:stick":15,"minecraft:dirt":14,"minecraft:melon_slice":4,"skilltree:gem":3,"minecraft:oak_sapling":21,"tombstone:grave_dust":1,"minecraft:golden_hoe":1,"swem:leggings_gold":1,"tombstone:scroll_of_preservation":1,"swem:oat_seeds":5,"hmag:exp_berry":1},"minecraft:used":{"minecraft:stone_sword":40,"iceandfire:armor_copper_metal_leggings":1,"minecraft:stone_shovel":25,"minecraft:stone_pickaxe":92,"tombstone:lollipop":1,"minecraft:torch":1,"minecraft:dirt":5,"minecraft:crafting_table":2,"minecraft:blast_furnace":1,"iceandfire:armor_copper_metal_chestplate":1,"minecraft:apple":3,"minecraft:melon_slice":23,"minecraft:bamboo":6,"minecraft:stone_axe":59,"minecraft:cobblestone":48,"minecraft:furnace":2,"tombstone:gift":2,"chococraft:gysahl_green":89,"alexsmobs:animal_dictionary":1,"minecraft:brown_bed":1},"minecraft:killed":{"enemyexpansion:direwolf":1,"minecraft:drowned":1},"minecraft:crafted":{"iceandfire:armor_copper_metal_leggings":1,"minecraft:copper_ingot":26,"iceandfire:armor_copper_metal_helmet":1,"iceandfire:armor_copper_metal_chestplate":1},"minecraft:mined":{"minecraft:podzol":1,"monsters_and_girls:ink_cap_mushroom":1,"minecraft:crafting_table":3,"minecraft:torch":1,"minecraft:blast_furnace":1,"minecraft:grass_block":7,"minecraft:melon":3,"minecraft:copper_ore":11,"minecraft:cobblestone":5,"minecraft:wall_torch":6,"minecraft:furnace":2,"minecraft:iron_ore":1,"minecraft:fire":1,"treechop:chopped_log":8,"minecraft:grass":11,"chococraft:gysahl_green":34,"minecraft:dirt":17,"minecraft:stone":72},"minecraft:picked_up":{"chococraft:loverly_gysahl_green":5,"minecraft:crafting_table":2,"minecraft:brown_bed":1,"minecraft:oak_log":44,"skilltree:gem":3,"minecraft:dirt":60,"minecraft:raw_copper":55,"man:cassette_1safetyinstructions":1,"chococraft:gysahl_green":140,"minecraft:apple":3,"chococraft:gold_gysahl":1,"minecraft:wheat_seeds":1,"minecraft:stone_pickaxe":1,"minecraft:bamboo":6,"minecraft:melon_slice":27,"swem:oat_seeds":5,"crittersandcompanions:clam":1,"minecraft:furnace":2,"minecraft:stick":15,"minecraft:raw_iron":1,"scalinghealth:heart_crystal_shard":2,"minecraft:copper_ingot":23,"minecraft:torch":23,"chococraft:gysahl_green_seeds":35,"minecraft:blast_furnace":1,"monsters_and_girls:ink_cap_mushroom":1,"tombstone:lollipop":1,"minecraft:arrow":1,"minecraft:stone_sword":1,"minecraft:rotten_flesh":2,"minecraft:stone_shovel":1,"minecraft:stone_axe":1,"spartanshields:copper_tower_shield":1,"minecraft:oak_sapling":21,"iceandfire:raw_silver":1,"minecraft:cobblestone":80}},"DataVersion":3465}