{"stats":{"minecraft:dropped":{"chococraft:loverly_gysahl_green":2,"minecraft:wheat_seeds":1,"minecraft:cherry_log":64,"minecraft:stone_shovel":1,"swem:alfalfa_seeds":5,"minecraft:cobblestone":2,"chococraft:gysahl_green_seeds":63,"minecraft:dirt":65,"swem:timothy_seeds":2,"minecraft:spruce_log":10,"minecraft:stone_pickaxe":1,"minecraft:pink_petals":18,"chococraft:gysahl_green":11,"swem:oat_seeds":2},"minecraft:picked_up":{"swem:timothy_seeds":2,"minecraft:pink_petals":19,"chococraft:loverly_gysahl_green":4,"minecraft:crafting_table":1,"minecraft:cherry_planks":16,"minecraft:smoker":1,"skilltree:gem":4,"minecraft:dirt":260,"chococraft:gysahl_green":93,"minecraft:wheat_seeds":1,"minecraft:stone_pickaxe":2,"minecraft:iron_ingot":7,"swem:oat_seeds":2,"minecraft:furnace":2,"minecraft:stick":95,"minecraft:raw_iron":7,"minecraft:torch":24,"minecraft:spruce_sapling":12,"minecraft:cherry_log":195,"justhammers:stone_hammer":1,"chococraft:gysahl_green_seeds":63,"minecraft:spruce_log":60,"rats:block_of_cheese":5,"minecraft:stone_sword":2,"minecraft:stone_shovel":1,"minecraft:stone_axe":2,"swem:alfalfa_seeds":5,"minecraft:cherry_sapling":230,"minecraft:cobblestone":290},"minecraft:crafted":{"minecraft:cherry_planks":168,"minecraft:stone_shovel":1,"minecraft:stone_axe":1,"rats:cheese":20,"minecraft:stone_pickaxe":2,"minecraft:smoker":1},"minecraft:custom":{"minecraft:interact_with_furnace":2,"minecraft:interact_with_crafting_table":8,"minecraft:open_barrel":3,"minecraft:leave_game":1,"minecraft:time_since_death":61993,"minecraft:sleep_in_bed":4,"minecraft:climb_one_cm":1881,"minecraft:time_since_rest":9075,"minecraft:sprint_one_cm":209769,"minecraft:damage_taken":1246,"minecraft:walk_one_cm":228823,"minecraft:drop":74,"minecraft:swim_one_cm":4952,"minecraft:fly_one_cm":174707,"minecraft:open_chest":52,"minecraft:crouch_one_cm":14554,"minecraft:play_time":75930,"minecraft:deaths":1,"minecraft:sneak_time":5035,"minecraft:walk_under_water_one_cm":5536,"minecraft:jump":820,"minecraft:walk_on_water_one_cm":915,"minecraft:total_world_time":75930,"minecraft:interact_with_smoker":4,"minecraft:fall_one_cm":29135},"minecraft:mined":{"minecraft:cherry_planks":16,"minecraft:smoker":1,"minecraft:cherry_log":1,"minecraft:crafting_table":1,"minecraft:grass_block":125,"minecraft:tall_grass":1,"minecraft:cobblestone":14,"minecraft:spruce_leaves":3,"minecraft:wall_torch":2,"minecraft:pink_petals":8,"minecraft:furnace":1,"minecraft:iron_ore":7,"minecraft:spruce_log":10,"treechop:chopped_log":24,"minecraft:grass":16,"chococraft:gysahl_green":45,"minecraft:dirt":170,"minecraft:stone":172,"minecraft:fern":1},"minecraft:used":{"minecraft:stone_sword":7,"minecraft:stone_shovel":261,"minecraft:stone_pickaxe":195,"minecraft:cherry_planks":183,"minecraft:torch":6,"minecraft:dirt":135,"minecraft:crafting_table":1,"minecraft:spruce_log":1,"minecraft:smoker":2,"rats:cheese":20,"justhammers:stone_hammer":18,"minecraft:stone_axe":189,"minecraft:pink_petals":1,"minecraft:cobblestone":32,"minecraft:furnace":1,"chococraft:gysahl_green":18,"minecraft:cherry_log":1},"minecraft:broken":{"minecraft:stone_pickaxe":1,"minecraft:stone_axe":1,"minecraft:stone_shovel":1}},"DataVersion":3465}