{"stats":{"minecraft:dropped":{"minecraft:cherry_log":64,"swem:alfalfa_seeds":2,"minecraft:cobblestone":2,"chococraft:gysahl_green_seeds":56,"minecraft:dirt":64,"minecraft:spruce_log":10,"minecraft:pink_petals":18,"chococraft:gysahl_green":11,"swem:oat_seeds":1},"minecraft:picked_up":{"swem:timothy_seeds":2,"minecraft:pink_petals":19,"chococraft:loverly_gysahl_green":4,"minecraft:crafting_table":1,"minecraft:cherry_planks":16,"minecraft:smoker":1,"skilltree:gem":4,"minecraft:dirt":213,"chococraft:gysahl_green":93,"minecraft:wheat_seeds":1,"minecraft:stone_pickaxe":2,"minecraft:iron_ingot":7,"swem:oat_seeds":2,"minecraft:furnace":2,"minecraft:stick":95,"minecraft:raw_iron":7,"minecraft:torch":4,"minecraft:spruce_sapling":12,"minecraft:cherry_log":195,"justhammers:stone_hammer":1,"chococraft:gysahl_green_seeds":63,"minecraft:spruce_log":60,"rats:block_of_cheese":5,"minecraft:stone_sword":2,"minecraft:stone_shovel":1,"minecraft:stone_axe":2,"swem:alfalfa_seeds":5,"minecraft:cherry_sapling":230,"minecraft:cobblestone":285},"minecraft:crafted":{"minecraft:cherry_planks":168,"minecraft:stone_shovel":1,"minecraft:stone_axe":1,"rats:cheese":20,"minecraft:stone_pickaxe":2,"minecraft:smoker":1},"minecraft:custom":{"minecraft:interact_with_furnace":2,"minecraft:interact_with_crafting_table":8,"minecraft:leave_game":1,"minecraft:time_since_death":49993,"minecraft:sleep_in_bed":3,"minecraft:time_since_rest":10004,"minecraft:sprint_one_cm":176612,"minecraft:damage_taken":1031,"minecraft:walk_one_cm":187684,"minecraft:drop":65,"minecraft:swim_one_cm":4952,"minecraft:fly_one_cm":165262,"minecraft:open_chest":14,"minecraft:crouch_one_cm":14343,"minecraft:play_time":63930,"minecraft:deaths":1,"minecraft:sneak_time":4955,"minecraft:walk_under_water_one_cm":5536,"minecraft:jump":754,"minecraft:walk_on_water_one_cm":915,"minecraft:total_world_time":63930,"minecraft:interact_with_smoker":4,"minecraft:fall_one_cm":26542},"minecraft:mined":{"minecraft:cherry_planks":16,"minecraft:smoker":1,"minecraft:cherry_log":1,"minecraft:crafting_table":1,"minecraft:grass_block":124,"minecraft:tall_grass":1,"minecraft:cobblestone":14,"minecraft:spruce_leaves":3,"minecraft:wall_torch":2,"minecraft:pink_petals":8,"minecraft:furnace":1,"minecraft:iron_ore":7,"minecraft:spruce_log":10,"treechop:chopped_log":24,"minecraft:grass":16,"chococraft:gysahl_green":45,"minecraft:dirt":125,"minecraft:stone":169,"minecraft:fern":1},"minecraft:used":{"minecraft:stone_sword":7,"minecraft:stone_shovel":247,"minecraft:stone_pickaxe":192,"minecraft:cherry_planks":183,"minecraft:torch":4,"minecraft:dirt":34,"minecraft:crafting_table":1,"minecraft:spruce_log":1,"minecraft:smoker":2,"rats:cheese":15,"justhammers:stone_hammer":18,"minecraft:stone_axe":189,"minecraft:pink_petals":1,"minecraft:cobblestone":32,"minecraft:furnace":1,"chococraft:gysahl_green":12,"minecraft:cherry_log":1},"minecraft:broken":{"minecraft:stone_pickaxe":1,"minecraft:stone_axe":1}},"DataVersion":3465}