{"stats":{"minecraft:dropped":{"minecraft:cobblestone":22,"minecraft:raw_iron":2},"minecraft:used":{"minecraft:torch":1,"minecraft:dirt":4,"minecraft:cobblestone":23,"minecraft:furnace":3,"minecraft:stone_pickaxe":68},"minecraft:mined":{"minecraft:grass_block":1,"minecraft:dirt":4,"minecraft:iron_ore":1,"swem:star_worm_cobble":5,"minecraft:cobblestone":2,"minecraft:stone":59,"minecraft:torch":1,"minecraft:wall_torch":3},"minecraft:custom":{"minecraft:time_since_rest":16388,"minecraft:interact_with_furnace":2,"minecraft:play_time":16388,"minecraft:sprint_one_cm":8231,"minecraft:damage_taken":30,"minecraft:walk_one_cm":30908,"minecraft:drop":24,"minecraft:jump":60,"minecraft:time_since_death":16388,"minecraft:total_world_time":16388,"minecraft:interact_with_crafting_table":5,"minecraft:fall_one_cm":1376,"minecraft:fly_one_cm":1570},"minecraft:crafted":{"minecraft:furnace":3},"minecraft:picked_up":{"minecraft:stick":12,"minecraft:raw_iron":2,"minecraft:andesite":2,"swem:star_worm":21,"minecraft:torch":19,"minecraft:stone_pickaxe":1,"minecraft:dirt":4,"minecraft:cobblestone":63}},"DataVersion":3465}