{"stats":{"minecraft:dropped":{"minecraft:iron_ingot":16,"chococraft:loverly_gysahl_green":2,"minecraft:wheat_seeds":1,"minecraft:cherry_log":64,"enderio:wood_gear":1,"minecraft:ender_pearl":1,"minecraft:cobblestone":11,"chococraft:gysahl_green_seeds":63,"minecraft:granite":12,"minecraft:music_disc_13":2,"minecraft:dirt":65,"skilltree:gem":2,"minecraft:pink_petals":22,"swem:oat_seeds":2,"minecraft:bone":3,"minecraft:cobbled_deepslate":51,"minecraft:wheat":1,"tombstone:gift":1,"minecraft:stone_shovel":1,"swem:alfalfa_seeds":5,"minecraft:rotten_flesh":4,"minecraft:iron_boots":2,"swem:timothy_seeds":2,"minecraft:spruce_log":10,"minecraft:arrow":4,"minecraft:stone_pickaxe":1,"chococraft:gysahl_green":11},"minecraft:broken":{"minecraft:stone_pickaxe":1,"minecraft:stone_axe":1,"minecraft:stone_shovel":1},"minecraft:picked_up":{"minecraft:crafting_table":2,"chococraft:loverly_gysahl_green":7,"born_in_chaos_v1:diamond_termite_shard":4,"minecraft:wheat":1,"iceandfire:armor_copper_metal_chestplate":1,"minecraft:string":5,"minecraft:raw_copper":3,"minecraft:iron_leggings":1,"minecraft:cobbled_deepslate":78,"minecraft:bucket":1,"minecraft:chest":1,"minecraft:iron_boots":2,"minecraft:furnace":2,"minecraft:stick":118,"minecraft:raw_iron":52,"minecraft:torch":29,"minecraft:cherry_log":195,"born_in_chaos_v1:pieceofdarkmetal":1,"rats:block_of_cheese":5,"minecraft:rotten_flesh":5,"minecraft:stone_sword":2,"minecraft:arrow":6,"minecraft:stone_shovel":1,"spartanshields:copper_tower_shield":1,"alexscaves:spelunkery_table":1,"swem:alfalfa_seeds":6,"minecraft:cobblestone":332,"minecraft:pink_petals":23,"swem:timothy_seeds":3,"minecraft:cherry_planks":52,"minecraft:glow_ink_sac":2,"minecraft:leather":1,"minecraft:smoker":1,"rats:cheese":15,"minecraft:tuff":35,"scalinghealth:bandages":1,"minecraft:magenta_bed":2,"iceandfire:armor_copper_metal_helmet":1,"minecraft:gunpowder":3,"scalinghealth:heart_crystal":1,"skilltree:gem":8,"minecraft:dirt":266,"chococraft:chocobo_feather":1,"minecraft:bone":4,"chococraft:gysahl_green":140,"minecraft:wheat_seeds":1,"minecraft:raw_gold":6,"minecraft:bell":2,"minecraft:iron_ingot":23,"enderio:wood_gear":1,"minecraft:stone_pickaxe":2,"minecraft:fletching_table":1,"swem:oat_seeds":2,"minecraft:book":6,"minecraft:music_disc_13":2,"minecraft:sweet_berries":14,"minecraft:raw_iron_block":1,"chococraft:gysahl_green_seeds":85,"justhammers:stone_hammer":1,"minecraft:spruce_sapling":12,"minecraft:spruce_log":60,"minecraft:leather_helmet":1,"minecraft:stone_axe":2,"minecraft:granite":12,"minecraft:cherry_sapling":230,"minecraft:coal":1},"minecraft:mined":{"alexscaves:spelunkery_table":1,"minecraft:tuff":1,"minecraft:cherry_log":1,"minecraft:grass_block":127,"minecraft:spruce_leaves":3,"minecraft:furnace":1,"minecraft:iron_ore":7,"minecraft:cobbled_deepslate":4,"minecraft:fire":3,"treechop:chopped_log":24,"minecraft:fletching_table":1,"minecraft:bell":1,"minecraft:bookshelf":2,"chococraft:gysahl_green":70,"minecraft:deepslate_iron_ore":9,"minecraft:stone":185,"minecraft:cherry_planks":16,"minecraft:smoker":1,"minecraft:crafting_table":2,"minecraft:torch":1,"minecraft:chest":1,"minecraft:cobblestone":14,"minecraft:tall_grass":2,"minecraft:deepslate_gold_ore":6,"minecraft:wall_torch":2,"minecraft:pink_petals":11,"minecraft:magenta_bed":2,"minecraft:spruce_log":10,"minecraft:grass":20,"minecraft:dirt":175,"minecraft:cobweb":5,"minecraft:deepslate":11,"minecraft:fern":1},"minecraft:killed_by":{"minecraft:zombie":1},"minecraft:custom":{"minecraft:mob_kills":11,"minecraft:interact_with_crafting_table":10,"minecraft:open_barrel":7,"minecraft:leave_game":2,"minecraft:time_since_death":38402,"minecraft:climb_one_cm":3672,"minecraft:sprint_one_cm":395756,"minecraft:walk_one_cm":482131,"minecraft:damage_blocked_by_shield":152,"minecraft:drop":98,"minecraft:play_time":175331,"minecraft:deaths":6,"minecraft:sneak_time":11261,"minecraft:walk_under_water_one_cm":17305,"minecraft:jump":2492,"minecraft:interact_with_blast_furnace":10,"minecraft:walk_on_water_one_cm":28153,"minecraft:total_world_time":175331,"minecraft:interact_with_furnace":5,"spartanshields:shield_bash_hits":2,"minecraft:interact_with_loom":1,"minecraft:sleep_in_bed":8,"minecraft:time_since_rest":7949,"minecraft:damage_taken":4318,"minecraft:damage_dealt":2476,"minecraft:swim_one_cm":9964,"minecraft:fly_one_cm":435003,"minecraft:open_chest":111,"minecraft:crouch_one_cm":27179,"tombstone:undead_killed":1,"minecraft:interact_with_smoker":4,"minecraft:fall_one_cm":72704},"minecraft:crafted":{"minecraft:cherry_planks":168,"minecraft:stone_shovel":1,"minecraft:stone_pickaxe":2,"minecraft:smoker":1,"minecraft:stone_axe":1,"rats:cheese":20,"minecraft:iron_pickaxe":1,"minecraft:iron_ingot":6},"minecraft:killed":{"enemyexpansion:direwolf":1,"minecraft:skeleton":1,"hmag:catoblepas":1,"born_in_chaos_v1:diamond_termite":4,"majruszsdifficulty:cursed_armor":1,"undead_revamp2:thesomnolence":1,"enemyexpansion:botfly":1,"cave_dweller:cave_dweller":1},"minecraft:used":{"minecraft:stone_sword":19,"minecraft:stone_shovel":261,"minecraft:bell":1,"minecraft:torch":18,"minecraft:dirt":201,"scalinghealth:heart_crystal":1,"minecraft:tuff":17,"minecraft:iron_boots":2,"minecraft:sweet_berries":25,"minecraft:furnace":1,"iceandfire:armor_copper_metal_helmet":1,"scalinghealth:bandages":1,"minecraft:cherry_log":1,"minecraft:iron_leggings":1,"minecraft:stone_pickaxe":227,"minecraft:baked_potato":4,"minecraft:cherry_planks":183,"minecraft:fletching_table":1,"minecraft:crafting_table":2,"minecraft:magenta_bed":2,"minecraft:spruce_log":1,"minecraft:smoker":2,"minecraft:apple":3,"chococraft:gysahl_green_seeds":17,"minecraft:iron_pickaxe":11,"spartanshields:copper_tower_shield":3,"rats:cheese":35,"justhammers:stone_hammer":47,"minecraft:stone_axe":196,"minecraft:pink_petals":1,"minecraft:cobblestone":74,"useless_sword:ravager_sword":37,"minecraft:bucket":1,"chococraft:gysahl_green":22}},"DataVersion":3465}