{"stats":{"minecraft:custom":{"minecraft:mob_kills":9,"minecraft:interact_with_anvil":1,"minecraft:interact_with_crafting_table":7,"minecraft:open_barrel":4,"minecraft:leave_game":1,"minecraft:time_since_death":12196,"minecraft:climb_one_cm":2040,"minecraft:sprint_one_cm":316144,"minecraft:walk_one_cm":319493,"minecraft:damage_blocked_by_shield":2220,"minecraft:drop":57,"tombstone:eaten_lollipop":1,"minecraft:talked_to_villager":1,"minecraft:play_time":150343,"minecraft:deaths":10,"minecraft:sneak_time":4206,"minecraft:walk_under_water_one_cm":6242,"minecraft:jump":1831,"minecraft:interact_with_blast_furnace":12,"minecraft:walk_on_water_one_cm":18345,"minecraft:total_world_time":150343,"minecraft:interact_with_furnace":3,"tombstone:raider_killed":6,"minecraft:sleep_in_bed":2,"minecraft:time_since_rest":6351,"minecraft:damage_taken":7900,"tombstone:sneak_grave":1,"minecraft:damage_dealt":2147,"minecraft:swim_one_cm":64966,"minecraft:fly_one_cm":329911,"minecraft:open_chest":12,"minecraft:crouch_one_cm":9474,"tombstone:undead_killed":1,"minecraft:fall_one_cm":43196},"minecraft:dropped":{"iceandfire:raw_silver":1,"chococraft:loverly_gysahl_green":6,"minecraft:wheat_seeds":4,"crittersandcompanions:clam":1,"minecraft:oak_log":44,"chococraft:gold_gysahl":1,"scalinghealth:heart_crystal_shard":2,"chococraft:gysahl_green_seeds":47,"minecraft:granite":3,"minecraft:copper_ingot":23,"minecraft:golden_apple":1,"minecraft:stick":15,"minecraft:dirt":14,"skilltree:gem":3,"minecraft:melon_slice":4,"tombstone:grave_dust":1,"minecraft:golden_hoe":1,"swem:leggings_gold":1,"tombstone:scroll_of_preservation":1,"swem:oat_seeds":7,"minecraft:blue_terracotta":2,"minecraft:stone_axe":1,"minecraft:raw_iron":1,"minecraft:stone_shovel":1,"swem:alfalfa_seeds":7,"minecraft:rotten_flesh":4,"iceandfire:armor_copper_metal_helmet":1,"swem:timothy_seeds":1,"minecraft:andesite":3,"minecraft:oak_sapling":21,"minecraft:arrow":1,"minecraft:stone_pickaxe":2,"iceandfire:armor_copper_metal_leggings":1,"chococraft:gysahl_green":15,"hmag:exp_berry":1},"minecraft:used":{"minecraft:stone_sword":91,"iceandfire:armor_copper_metal_leggings":1,"minecraft:stone_shovel":35,"minecraft:iron_sword":2,"tombstone:lollipop":1,"minecraft:torch":2,"minecraft:dirt":29,"minecraft:carrot":12,"minecraft:bamboo":6,"minecraft:furnace":2,"tombstone:gift":2,"minecraft:brown_bed":1,"minecraft:stone_pickaxe":115,"minecraft:crafting_table":2,"minecraft:blast_furnace":1,"minecraft:white_bed":1,"minecraft:apple":3,"iceandfire:armor_copper_metal_chestplate":1,"minecraft:melon_slice":23,"spartanshields:copper_tower_shield":44,"tombstone:grave_key":5,"minecraft:golden_leggings":1,"minecraft:stone_axe":72,"minecraft:fire_charge":1,"minecraft:cobblestone":92,"chococraft:gysahl_green":157,"alexsmobs:animal_dictionary":1},"minecraft:killed":{"minecraft:vindicator":3,"enemyexpansion:direwolf":1,"minecraft:drowned":1,"minecraft:pillager":3},"minecraft:broken":{"minecraft:golden_helmet":1},"minecraft:crafted":{"iceandfire:armor_copper_metal_leggings":1,"iceandfire:armor_copper_metal_helmet":1,"iceandfire:armor_copper_metal_chestplate":1,"minecraft:copper_ingot":26},"minecraft:mined":{"minecraft:white_bed":2,"monsters_and_girls:ink_cap_mushroom":1,"minecraft:granite":3,"minecraft:grass_block":14,"minecraft:furnace":2,"minecraft:iron_ore":7,"minecraft:fire":8,"minecraft:andesite":1,"treechop:chopped_log":8,"chococraft:gysahl_green":48,"minecraft:stone":78,"minecraft:podzol":1,"minecraft:brown_carpet":2,"minecraft:torch":1,"minecraft:crafting_table":3,"minecraft:blast_furnace":1,"minecraft:melon":3,"minecraft:chest":3,"minecraft:cobblestone":8,"minecraft:copper_ore":11,"minecraft:wall_torch":6,"minecraft:blue_terracotta":2,"minecraft:purple_concrete":2,"minecraft:grass":31,"minecraft:dirt":32},"minecraft:picked_up":{"minecraft:crafting_table":2,"chococraft:loverly_gysahl_green":6,"minecraft:wheat":4,"minecraft:brown_bed":1,"minecraft:string":1,"minecraft:raw_copper":55,"mutantmonsters:mutant_skeleton_skull":1,"useless_sword:ravager_sword":1,"minecraft:melon_slice":27,"minecraft:chest":3,"crittersandcompanions:clam":1,"minecraft:furnace":2,"minecraft:stick":17,"minecraft:raw_iron":7,"minecraft:copper_ingot":23,"minecraft:torch":40,"minecraft:carrot":1,"monsters_and_girls:ink_cap_mushroom":1,"minecraft:brown_carpet":1,"mutantmonsters:mutant_skeleton_pelvis":1,"tombstone:lollipop":1,"minecraft:stone_shovel":3,"minecraft:stone_sword":4,"minecraft:arrow":3,"minecraft:rotten_flesh":4,"spartanshields:copper_tower_shield":1,"swem:alfalfa_seeds":7,"mutantmonsters:mutant_skeleton_rib":3,"mutantmonsters:mutant_skeleton_shoulder_pad":2,"minecraft:cobblestone":88,"minecraft:white_wool":12,"swem:timothy_seeds":1,"minecraft:leather_chestplate":1,"minecraft:purple_dye":3,"minecraft:tripwire_hook":2,"minecraft:andesite":1,"minecraft:golden_leggings":1,"minecraft:potato":2,"minecraft:oak_log":44,"scalinghealth:heart_crystal":1,"skilltree:gem":3,"mutantmonsters:mutant_skeleton_limb":8,"minecraft:dirt":95,"minecraft:paper":4,"man:cassette_1safetyinstructions":1,"chococraft:gysahl_green":216,"minecraft:apple":3,"chococraft:gold_gysahl":1,"minecraft:wheat_seeds":5,"minecraft:stone_pickaxe":3,"minecraft:bamboo":6,"swem:oat_seeds":7,"scalinghealth:heart_crystal_shard":2,"chococraft:gysahl_green_seeds":49,"minecraft:blast_furnace":1,"minecraft:white_bed":2,"minecraft:dark_oak_log":4,"minecraft:leather_helmet":1,"minecraft:blue_terracotta":4,"minecraft:slime_ball":6,"minecraft:stone_axe":2,"minecraft:crossbow":2,"minecraft:granite":3,"minecraft:oak_sapling":21,"iceandfire:raw_silver":1}},"DataVersion":3465}