{"stats":{"minecraft:killed_by":{"minecraft:zombie":1},"minecraft:custom":{"minecraft:interact_with_furnace":2,"minecraft:mob_kills":1,"minecraft:interact_with_crafting_table":8,"minecraft:leave_game":2,"minecraft:time_since_death":8633,"minecraft:climb_one_cm":3286,"minecraft:time_since_rest":6076,"minecraft:sprint_one_cm":152463,"minecraft:damage_taken":3154,"minecraft:walk_one_cm":223900,"minecraft:drop":48,"minecraft:damage_dealt":336,"minecraft:swim_one_cm":69629,"minecraft:fly_one_cm":99613,"minecraft:crouch_one_cm":2728,"tombstone:undead_killed":1,"minecraft:play_time":97465,"minecraft:deaths":7,"minecraft:sneak_time":1519,"minecraft:walk_under_water_one_cm":13080,"minecraft:jump":1048,"minecraft:interact_with_blast_furnace":6,"minecraft:walk_on_water_one_cm":27555,"minecraft:total_world_time":97465,"minecraft:fall_one_cm":12364},"minecraft:mined":{"jeg:scrap_ore":7,"monsters_and_girls:ink_cap_mushroom":1,"minecraft:torch":1,"minecraft:glow_lichen":1,"minecraft:grass_block":4,"minecraft:cobblestone":8,"swem:star_worm_cobble":5,"minecraft:copper_ore":21,"minecraft:diorite":1,"minecraft:wall_torch":10,"minecraft:large_fern":1,"minecraft:iron_ore":1,"minecraft:andesite":3,"minecraft:birch_leaves":2,"treechop:chopped_log":2,"minecraft:pumpkin":3,"minecraft:grass":2,"chococraft:gysahl_green":16,"minecraft:coal_ore":20,"minecraft:gravel":18,"minecraft:dirt":13,"minecraft:stone":327,"minecraft:oak_leaves":3},"minecraft:killed":{"undead_revamp2:sucker":1},"minecraft:crafted":{"minecraft:furnace":3,"minecraft:stone_pickaxe":2,"minecraft:stone_sword":1},"minecraft:broken":{"minecraft:stone_pickaxe":3},"minecraft:picked_up":{"chococraft:loverly_gysahl_green":4,"minecraft:crafting_table":1,"minecraft:coarse_dirt":6,"ecologics:walnut":9,"born_in_chaos_v1:monster_flesh":1,"minecraft:andesite":5,"swem:star_worm":21,"minecraft:lead":1,"iceandfire:armor_copper_metal_chestplate":1,"minecraft:flint":1,"tombstone:grave_key":1,"jeg:scrap":13,"iceandfire:armor_copper_metal_helmet":1,"skilltree:gem":11,"minecraft:dirt":29,"minecraft:raw_copper":86,"minecraft:bone":4,"chococraft:gysahl_green":65,"chococraft:gold_gysahl":1,"minecraft:stone_pickaxe":2,"minecraft:birch_sapling":2,"jeg:tech_trash":1,"minecraft:egg":1,"minecraft:stick":16,"minecraft:raw_iron":2,"ecologics:walnut_log":7,"minecraft:pumpkin":3,"iceandfire:armor_copper_metal_leggings":1,"minecraft:torch":27,"minecraft:gravel":17,"chococraft:gysahl_green_seeds":28,"minecraft:diorite":1,"iceandfire:armor_copper_metal_boots":1,"born_in_chaos_v1:pieceofdarkmetal":2,"monsters_and_girls:ink_cap_mushroom":1,"minecraft:stone_sword":1,"minecraft:rotten_flesh":4,"minecraft:stone_axe":2,"swem:alfalfa_seeds":2,"minecraft:oak_sapling":2,"minecraft:coal":27,"minecraft:cobblestone":330},"minecraft:used":{"minecraft:diorite":1,"minecraft:stone_sword":19,"iceandfire:armor_copper_metal_leggings":1,"minecraft:stone_pickaxe":429,"minecraft:torch":8,"iceandfire:armor_copper_metal_boots":1,"minecraft:dirt":24,"minecraft:crafting_table":1,"monsters_and_girls:ink_cap_mushroom":1,"iceandfire:armor_copper_metal_chestplate":1,"born_in_chaos_v1:monster_flesh":1,"minecraft:gravel":2,"minecraft:stone_axe":13,"minecraft:cobblestone":131,"minecraft:furnace":4,"iceandfire:armor_copper_metal_helmet":1,"alexsmobs:animal_dictionary":3,"tombstone:gift":1,"chococraft:gysahl_green":35},"minecraft:dropped":{"minecraft:gravel":15,"minecraft:stone_sword":1,"minecraft:raw_iron":2,"swem:alfalfa_seeds":1,"minecraft:cobblestone":22,"minecraft:stick":11,"tombstone:grave_key":3,"chococraft:gysahl_green":17}},"DataVersion":3465}