{"stats":{"minecraft:dropped":{"minecraft:cherry_log":64,"swem:alfalfa_seeds":2,"minecraft:cobblestone":2,"minecraft:spruce_log":10,"chococraft:gysahl_green_seeds":56,"minecraft:pink_petals":18,"chococraft:gysahl_green":11,"swem:oat_seeds":1},"minecraft:picked_up":{"minecraft:crafting_table":1,"minecraft:raw_iron":7,"minecraft:pink_petals":18,"minecraft:stick":72,"chococraft:loverly_gysahl_green":4,"minecraft:torch":1,"minecraft:smoker":1,"justhammers:stone_hammer":1,"minecraft:cherry_log":137,"chococraft:gysahl_green_seeds":63,"minecraft:spruce_sapling":12,"minecraft:spruce_log":60,"skilltree:gem":4,"minecraft:dirt":84,"rats:block_of_cheese":5,"minecraft:stone_sword":2,"minecraft:stone_shovel":1,"chococraft:gysahl_green":93,"minecraft:stone_axe":2,"minecraft:iron_ingot":7,"swem:alfalfa_seeds":2,"minecraft:stone_pickaxe":2,"minecraft:cherry_sapling":190,"swem:oat_seeds":1,"minecraft:cobblestone":135,"minecraft:furnace":2},"minecraft:crafted":{"rats:cheese":20,"minecraft:stone_pickaxe":1,"minecraft:smoker":1},"minecraft:custom":{"minecraft:time_since_rest":11564,"minecraft:interact_with_furnace":2,"minecraft:sprint_one_cm":112358,"minecraft:damage_taken":871,"minecraft:walk_one_cm":102856,"minecraft:drop":64,"minecraft:swim_one_cm":4952,"minecraft:interact_with_crafting_table":4,"minecraft:fly_one_cm":132440,"minecraft:open_chest":3,"minecraft:crouch_one_cm":482,"minecraft:play_time":39930,"minecraft:deaths":1,"minecraft:sneak_time":740,"minecraft:walk_under_water_one_cm":5536,"minecraft:jump":530,"minecraft:leave_game":1,"minecraft:time_since_death":25993,"minecraft:walk_on_water_one_cm":915,"minecraft:sleep_in_bed":1,"minecraft:interact_with_smoker":4,"minecraft:total_world_time":39930,"minecraft:fall_one_cm":17854},"minecraft:mined":{"minecraft:pink_petals":7,"minecraft:furnace":1,"minecraft:iron_ore":7,"minecraft:smoker":1,"minecraft:spruce_log":10,"treechop:chopped_log":21,"minecraft:crafting_table":1,"minecraft:grass":12,"chococraft:gysahl_green":45,"minecraft:grass_block":73,"minecraft:dirt":13,"minecraft:cobblestone":5,"minecraft:spruce_leaves":3,"minecraft:stone":122,"minecraft:fern":1},"minecraft:used":{"minecraft:stone_sword":7,"minecraft:stone_shovel":84,"minecraft:stone_pickaxe":136,"justhammers:stone_hammer":3,"rats:cheese":10,"minecraft:stone_axe":141,"minecraft:torch":1,"minecraft:dirt":11,"minecraft:cobblestone":11,"minecraft:crafting_table":1,"minecraft:furnace":1,"chococraft:gysahl_green":12,"minecraft:smoker":2,"minecraft:spruce_log":1},"minecraft:broken":{"minecraft:stone_pickaxe":1}},"DataVersion":3465}