{"stats":{"minecraft:used":{"minecraft:stone_axe":12,"minecraft:stone_sword":7,"minecraft:dirt":2,"chococraft:gysahl_green":6,"minecraft:spruce_log":1},"minecraft:custom":{"minecraft:deaths":1,"minecraft:time_since_rest":0,"minecraft:crouch_one_cm":272,"minecraft:play_time":13937,"minecraft:sprint_one_cm":49157,"minecraft:damage_taken":416,"minecraft:walk_one_cm":22167,"minecraft:sneak_time":620,"minecraft:walk_under_water_one_cm":4341,"minecraft:drop":28,"minecraft:jump":229,"minecraft:leave_game":1,"minecraft:walk_on_water_one_cm":877,"minecraft:time_since_death":0,"minecraft:total_world_time":13937,"minecraft:swim_one_cm":4952,"minecraft:fall_one_cm":5401,"minecraft:fly_one_cm":76022},"minecraft:picked_up":{"chococraft:loverly_gysahl_green":2,"minecraft:stick":18,"minecraft:stone_sword":1,"chococraft:gysahl_green":47,"minecraft:stone_axe":1,"minecraft:stone_pickaxe":1,"chococraft:gysahl_green_seeds":18,"minecraft:spruce_sapling":12,"minecraft:spruce_log":60,"minecraft:dirt":2},"minecraft:mined":{"minecraft:grass_block":2,"chococraft:gysahl_green":20,"minecraft:spruce_log":10,"minecraft:spruce_leaves":3,"treechop:chopped_log":10,"minecraft:fern":1},"minecraft:dropped":{"minecraft:spruce_log":10,"chococraft:gysahl_green_seeds":18,"chococraft:gysahl_green":11}},"DataVersion":3465}