{"stats":{"minecraft:killed":{"minecraft:skeleton":1,"hmag:catoblepas":1},"minecraft:picked_up":{"swem:timothy_seeds":3,"minecraft:pink_petals":23,"chococraft:loverly_gysahl_green":7,"minecraft:crafting_table":2,"minecraft:wheat":1,"minecraft:cherry_planks":52,"minecraft:glow_ink_sac":2,"minecraft:leather":1,"minecraft:smoker":1,"rats:cheese":15,"minecraft:tuff":7,"skilltree:gem":6,"minecraft:dirt":262,"minecraft:raw_copper":3,"chococraft:chocobo_feather":1,"minecraft:bone":4,"chococraft:gysahl_green":140,"minecraft:wheat_seeds":1,"minecraft:cobbled_deepslate":20,"minecraft:raw_gold":2,"minecraft:bucket":1,"minecraft:bell":1,"enderio:wood_gear":1,"minecraft:stone_pickaxe":2,"minecraft:iron_ingot":23,"minecraft:fletching_table":1,"swem:oat_seeds":2,"minecraft:chest":1,"minecraft:iron_boots":1,"minecraft:furnace":2,"minecraft:stick":118,"minecraft:raw_iron":21,"minecraft:music_disc_13":2,"minecraft:sweet_berries":14,"minecraft:torch":25,"minecraft:spruce_sapling":12,"minecraft:cherry_log":195,"justhammers:stone_hammer":1,"chococraft:gysahl_green_seeds":85,"minecraft:spruce_log":60,"rats:block_of_cheese":5,"minecraft:rotten_flesh":4,"minecraft:stone_sword":2,"minecraft:arrow":4,"minecraft:stone_shovel":1,"minecraft:stone_axe":2,"spartanshields:copper_tower_shield":1,"swem:alfalfa_seeds":6,"minecraft:cherry_sapling":230,"minecraft:coal":1,"minecraft:cobblestone":299},"minecraft:dropped":{"minecraft:iron_ingot":16,"chococraft:loverly_gysahl_green":2,"minecraft:wheat_seeds":1,"minecraft:cherry_log":64,"minecraft:cobbled_deepslate":16,"enderio:wood_gear":1,"minecraft:wheat":1,"minecraft:stone_shovel":1,"swem:alfalfa_seeds":5,"minecraft:cobblestone":4,"minecraft:rotten_flesh":4,"minecraft:iron_boots":1,"chococraft:gysahl_green_seeds":63,"minecraft:music_disc_13":2,"minecraft:dirt":65,"swem:timothy_seeds":2,"minecraft:spruce_log":10,"minecraft:stone_pickaxe":1,"minecraft:pink_petals":22,"chococraft:gysahl_green":11,"swem:oat_seeds":2},"minecraft:crafted":{"minecraft:cherry_planks":168,"minecraft:stone_shovel":1,"minecraft:stone_axe":1,"rats:cheese":20,"minecraft:iron_pickaxe":1,"minecraft:iron_ingot":3,"minecraft:stone_pickaxe":2,"minecraft:smoker":1},"minecraft:custom":{"minecraft:interact_with_furnace":4,"minecraft:mob_kills":2,"minecraft:interact_with_crafting_table":10,"minecraft:open_barrel":3,"minecraft:leave_game":1,"minecraft:time_since_death":97993,"minecraft:sleep_in_bed":6,"minecraft:climb_one_cm":3672,"minecraft:time_since_rest":13716,"minecraft:sprint_one_cm":286807,"minecraft:damage_taken":1606,"minecraft:walk_one_cm":329223,"minecraft:drop":88,"minecraft:damage_dealt":583,"minecraft:swim_one_cm":8273,"minecraft:fly_one_cm":261824,"minecraft:open_chest":93,"minecraft:crouch_one_cm":19830,"minecraft:play_time":111930,"tombstone:undead_killed":1,"minecraft:deaths":1,"minecraft:sneak_time":7181,"minecraft:walk_under_water_one_cm":6124,"minecraft:jump":1298,"minecraft:interact_with_blast_furnace":3,"minecraft:walk_on_water_one_cm":15365,"minecraft:total_world_time":111930,"minecraft:interact_with_smoker":4,"minecraft:fall_one_cm":46768},"minecraft:mined":{"minecraft:cherry_planks":16,"minecraft:smoker":1,"minecraft:cherry_log":1,"minecraft:crafting_table":2,"minecraft:grass_block":125,"minecraft:chest":1,"minecraft:tall_grass":2,"minecraft:cobblestone":14,"minecraft:spruce_leaves":3,"minecraft:deepslate_gold_ore":2,"minecraft:wall_torch":2,"minecraft:pink_petals":11,"minecraft:furnace":1,"minecraft:iron_ore":7,"minecraft:spruce_log":10,"treechop:chopped_log":24,"minecraft:fletching_table":1,"minecraft:grass":20,"chococraft:gysahl_green":70,"minecraft:dirt":172,"minecraft:stone":172,"minecraft:deepslate":1,"minecraft:fern":1},"minecraft:used":{"minecraft:stone_sword":13,"minecraft:stone_shovel":261,"minecraft:stone_pickaxe":195,"minecraft:baked_potato":4,"minecraft:cherry_planks":183,"minecraft:bell":1,"minecraft:fletching_table":1,"minecraft:torch":8,"minecraft:dirt":151,"minecraft:crafting_table":2,"minecraft:spruce_log":1,"minecraft:smoker":2,"minecraft:apple":3,"chococraft:gysahl_green_seeds":17,"minecraft:iron_pickaxe":3,"minecraft:iron_boots":2,"rats:cheese":20,"justhammers:stone_hammer":25,"minecraft:stone_axe":196,"minecraft:pink_petals":1,"minecraft:cobblestone":64,"minecraft:furnace":1,"useless_sword:ravager_sword":8,"chococraft:gysahl_green":22,"minecraft:cherry_log":1},"minecraft:broken":{"minecraft:stone_pickaxe":1,"minecraft:stone_axe":1,"minecraft:stone_shovel":1}},"DataVersion":3465}