{"stats":{"minecraft:dropped":{"minecraft:iron_ingot":16,"chococraft:loverly_gysahl_green":2,"minecraft:wheat_seeds":1,"minecraft:cherry_log":64,"enderio:wood_gear":1,"minecraft:ender_pearl":1,"minecraft:cobblestone":11,"chococraft:gysahl_green_seeds":63,"minecraft:granite":12,"minecraft:music_disc_13":2,"minecraft:dirt":65,"skilltree:gem":2,"minecraft:pink_petals":22,"swem:oat_seeds":2,"minecraft:bone":3,"minecraft:cobbled_deepslate":51,"minecraft:wheat":1,"tombstone:gift":1,"minecraft:stone_shovel":1,"swem:alfalfa_seeds":5,"minecraft:rotten_flesh":4,"minecraft:iron_boots":2,"swem:timothy_seeds":2,"minecraft:spruce_log":10,"minecraft:arrow":4,"minecraft:stone_pickaxe":1,"chococraft:gysahl_green":11},"minecraft:broken":{"minecraft:stone_pickaxe":1,"minecraft:stone_axe":1,"minecraft:stone_shovel":1},"minecraft:picked_up":{"minecraft:crafting_table":2,"chococraft:loverly_gysahl_green":7,"born_in_chaos_v1:diamond_termite_shard":2,"minecraft:wheat":1,"iceandfire:armor_copper_metal_chestplate":1,"minecraft:raw_copper":3,"minecraft:iron_leggings":1,"minecraft:cobbled_deepslate":75,"minecraft:bucket":1,"minecraft:chest":1,"minecraft:iron_boots":2,"minecraft:furnace":2,"minecraft:stick":118,"minecraft:raw_iron":52,"minecraft:torch":27,"minecraft:cherry_log":195,"rats:block_of_cheese":5,"minecraft:rotten_flesh":5,"minecraft:stone_sword":2,"minecraft:arrow":6,"minecraft:stone_shovel":1,"spartanshields:copper_tower_shield":1,"swem:alfalfa_seeds":6,"minecraft:cobblestone":299,"minecraft:pink_petals":23,"swem:timothy_seeds":3,"minecraft:cherry_planks":52,"minecraft:glow_ink_sac":2,"minecraft:leather":1,"minecraft:smoker":1,"rats:cheese":15,"minecraft:tuff":35,"iceandfire:armor_copper_metal_helmet":1,"minecraft:gunpowder":3,"scalinghealth:heart_crystal":1,"skilltree:gem":8,"minecraft:dirt":266,"chococraft:chocobo_feather":1,"minecraft:bone":4,"chococraft:gysahl_green":140,"minecraft:wheat_seeds":1,"minecraft:raw_gold":6,"minecraft:bell":2,"minecraft:iron_ingot":23,"enderio:wood_gear":1,"minecraft:stone_pickaxe":2,"minecraft:fletching_table":1,"swem:oat_seeds":2,"minecraft:music_disc_13":2,"minecraft:sweet_berries":14,"minecraft:raw_iron_block":1,"chococraft:gysahl_green_seeds":85,"justhammers:stone_hammer":1,"minecraft:spruce_sapling":12,"minecraft:spruce_log":60,"minecraft:leather_helmet":1,"minecraft:stone_axe":2,"minecraft:granite":12,"minecraft:cherry_sapling":230,"minecraft:coal":1},"minecraft:mined":{"minecraft:tuff":1,"minecraft:cherry_log":1,"minecraft:grass_block":127,"minecraft:spruce_leaves":3,"minecraft:furnace":1,"minecraft:iron_ore":7,"minecraft:cobbled_deepslate":3,"minecraft:fire":3,"treechop:chopped_log":24,"minecraft:fletching_table":1,"minecraft:bell":1,"chococraft:gysahl_green":70,"minecraft:deepslate_iron_ore":9,"minecraft:stone":172,"minecraft:cherry_planks":16,"minecraft:smoker":1,"minecraft:crafting_table":2,"minecraft:torch":1,"minecraft:chest":1,"minecraft:cobblestone":14,"minecraft:tall_grass":2,"minecraft:deepslate_gold_ore":6,"minecraft:wall_torch":2,"minecraft:pink_petals":11,"minecraft:spruce_log":10,"minecraft:grass":20,"minecraft:dirt":175,"minecraft:deepslate":11,"minecraft:fern":1},"minecraft:killed_by":{"minecraft:zombie":1},"minecraft:custom":{"minecraft:mob_kills":8,"minecraft:interact_with_crafting_table":10,"minecraft:open_barrel":5,"minecraft:leave_game":2,"minecraft:time_since_death":26402,"minecraft:climb_one_cm":3672,"minecraft:sprint_one_cm":390451,"minecraft:walk_one_cm":452945,"minecraft:damage_blocked_by_shield":75,"minecraft:drop":98,"minecraft:play_time":163331,"minecraft:deaths":6,"minecraft:sneak_time":10146,"minecraft:walk_under_water_one_cm":8557,"minecraft:jump":2271,"minecraft:interact_with_blast_furnace":10,"minecraft:walk_on_water_one_cm":22313,"minecraft:total_world_time":163331,"minecraft:interact_with_furnace":5,"spartanshields:shield_bash_hits":1,"minecraft:sleep_in_bed":7,"minecraft:time_since_rest":25372,"minecraft:damage_taken":3727,"minecraft:damage_dealt":2137,"minecraft:swim_one_cm":8366,"minecraft:fly_one_cm":426746,"minecraft:open_chest":111,"minecraft:crouch_one_cm":25629,"tombstone:undead_killed":1,"minecraft:interact_with_smoker":4,"minecraft:fall_one_cm":67968},"minecraft:crafted":{"minecraft:cherry_planks":168,"minecraft:stone_shovel":1,"minecraft:stone_pickaxe":2,"minecraft:smoker":1,"minecraft:stone_axe":1,"rats:cheese":20,"minecraft:iron_pickaxe":1,"minecraft:iron_ingot":6},"minecraft:killed":{"minecraft:skeleton":1,"hmag:catoblepas":1,"born_in_chaos_v1:diamond_termite":2,"majruszsdifficulty:cursed_armor":1,"undead_revamp2:thesomnolence":1,"enemyexpansion:botfly":1,"cave_dweller:cave_dweller":1},"minecraft:used":{"minecraft:stone_sword":18,"minecraft:stone_shovel":261,"minecraft:bell":1,"minecraft:torch":14,"minecraft:dirt":198,"minecraft:iron_boots":2,"minecraft:sweet_berries":20,"minecraft:furnace":1,"iceandfire:armor_copper_metal_helmet":1,"minecraft:cherry_log":1,"minecraft:iron_leggings":1,"minecraft:stone_pickaxe":213,"minecraft:baked_potato":4,"minecraft:cherry_planks":183,"minecraft:fletching_table":1,"minecraft:crafting_table":2,"minecraft:spruce_log":1,"minecraft:smoker":2,"minecraft:apple":3,"chococraft:gysahl_green_seeds":17,"minecraft:iron_pickaxe":11,"spartanshields:copper_tower_shield":1,"rats:cheese":32,"justhammers:stone_hammer":46,"minecraft:stone_axe":196,"minecraft:pink_petals":1,"minecraft:cobblestone":64,"useless_sword:ravager_sword":28,"chococraft:gysahl_green":22}},"DataVersion":3465}