{"stats":{"minecraft:crafted":{"minecraft:cooked_cod":10},"minecraft:custom":{"minecraft:interact_with_furnace":4,"spartanshields:shield_bash_hits":1,"minecraft:mob_kills":12,"minecraft:interact_with_crafting_table":4,"minecraft:open_barrel":10,"minecraft:bell_ring":2,"minecraft:leave_game":1,"minecraft:time_since_death":88299,"minecraft:climb_one_cm":1243,"minecraft:time_since_rest":88299,"minecraft:sprint_one_cm":210923,"minecraft:damage_taken":2050,"minecraft:walk_one_cm":200964,"minecraft:damage_blocked_by_shield":127,"minecraft:drop":65,"minecraft:damage_dealt":3584,"minecraft:swim_one_cm":5005,"minecraft:fly_one_cm":123947,"minecraft:open_chest":7,"minecraft:crouch_one_cm":17507,"minecraft:play_time":88299,"tombstone:undead_killed":2,"minecraft:sneak_time":8628,"minecraft:walk_under_water_one_cm":3865,"minecraft:jump":874,"minecraft:walk_on_water_one_cm":16174,"minecraft:total_world_time":88299,"minecraft:interact_with_smoker":6,"minecraft:fall_one_cm":17343},"minecraft:mined":{"minecraft:crafting_table":1,"minecraft:granite":8,"minecraft:grass_block":1,"swem:star_worm_cobble":1,"minecraft:tall_grass":1,"minecraft:copper_ore":8,"minecraft:cobblestone":7,"minecraft:spruce_leaves":11,"minecraft:diorite":2,"farmersdelight:wild_beetroots":1,"minecraft:iron_ore":2,"minecraft:sweet_berry_bush":12,"born_in_chaos_v1:black_argillite_brick_stairs":2,"minecraft:spruce_log":2,"treechop:chopped_log":16,"born_in_chaos_v1:black_argillite_brick":1,"minecraft:grass":7,"chococraft:gysahl_green":57,"minecraft:coal_ore":18,"minecraft:sand":6,"minecraft:dirt":8,"minecraft:stone":53,"minecraft:fern":1},"minecraft:killed":{"born_in_chaos_v1:restless_spirit":2,"minecraft:spider":1,"born_in_chaos_v1:decrepit_skeleton":1,"born_in_chaos_v1:maggot":1,"untamedwilds:bison":3,"alexsmobs:bison":2,"minecraft:drowned":1},"minecraft:picked_up":{"swem:timothy_seeds":3,"minecraft:crafting_table":1,"chococraft:loverly_gysahl_green":14,"born_in_chaos_v1:monster_flesh":8,"minecraft:water_bucket":1,"minecraft:andesite":1,"swem:star_worm":3,"minecraft:leather":12,"iceandfire:armor_copper_metal_chestplate":1,"minecraft:smoker":1,"minecraft:chain":1,"skilltree:gem":3,"minecraft:dirt":30,"minecraft:raw_copper":47,"minecraft:iron_leggings":1,"born_in_chaos_v1:monster_skin":1,"minecraft:bone":14,"born_in_chaos_v1:black_argillite_brick":1,"chococraft:gysahl_green":187,"untamedwilds:material_fat":5,"chococraft:gold_gysahl":5,"minecraft:wheat_seeds":2,"minecraft:beef":24,"born_in_chaos_v1:smoked_flesh":7,"minecraft:stone_pickaxe":1,"swem:oat_seeds":1,"crittersandcompanions:clam":1,"minecraft:furnace":1,"minecraft:stick":49,"minecraft:raw_iron":3,"minecraft:sweet_berries":31,"ecologics:coconut_slice":6,"minecraft:torch":23,"born_in_chaos_v1:ethereal_spirit":2,"minecraft:sand":16,"minecraft:spruce_sapling":56,"chococraft:gysahl_green_seeds":54,"minecraft:diorite":6,"minecraft:spruce_log":118,"iceandfire:armor_copper_metal_boots":1,"born_in_chaos_v1:black_argillite_brick_stairs":2,"minecraft:stone_sword":3,"minecraft:rotten_flesh":4,"minecraft:stone_axe":1,"spartanshields:copper_tower_shield":1,"minecraft:granite":27,"minecraft:gold_ingot":2,"minecraft:oak_sapling":1,"minecraft:coal":51,"minecraft:cobblestone":96},"minecraft:dropped":{"minecraft:wheat_seeds":2,"minecraft:stone_sword":2,"minecraft:rotten_flesh":2,"chococraft:gysahl_green_seeds":49,"minecraft:dirt":1,"swem:timothy_seeds":1,"skilltree:gem":1,"swem:star_worm":3,"minecraft:spruce_log":54,"chococraft:gysahl_green":1,"tombstone:tablet_of_cupidity":1,"minecraft:spruce_sapling":56},"minecraft:used":{"minecraft:stone_sword":158,"minecraft:stone_pickaxe":102,"iceandfire:armor_copper_metal_boots":1,"minecraft:crafting_table":1,"iceandfire:armor_copper_metal_chestplate":1,"spartanshields:copper_tower_shield":3,"minecraft:stone_axe":102,"ecologics:coconut_slice":5,"minecraft:cobblestone":54,"minecraft:sweet_berries":20,"minecraft:cooked_cod":6,"chococraft:gysahl_green":47,"alexsmobs:animal_dictionary":2,"minecraft:iron_leggings":1}},"DataVersion":3465}