{"stats":{"minecraft:crafted":{"minecraft:cooked_cod":10,"minecraft:stone_sword":1},"minecraft:custom":{"minecraft:interact_with_furnace":4,"spartanshields:shield_bash_hits":2,"minecraft:mob_kills":17,"minecraft:interact_with_crafting_table":6,"minecraft:open_barrel":14,"minecraft:bell_ring":2,"minecraft:leave_game":1,"minecraft:time_since_death":28700,"minecraft:climb_one_cm":1850,"minecraft:time_since_rest":27344,"minecraft:sprint_one_cm":354785,"minecraft:damage_taken":2919,"minecraft:walk_one_cm":296853,"tombstone:sneak_grave":1,"minecraft:damage_blocked_by_shield":127,"minecraft:drop":78,"minecraft:damage_dealt":4941,"minecraft:swim_one_cm":116906,"minecraft:fly_one_cm":256868,"minecraft:deaths":2,"minecraft:open_chest":19,"minecraft:crouch_one_cm":20643,"minecraft:play_time":148299,"tombstone:undead_killed":4,"minecraft:sneak_time":10957,"minecraft:walk_under_water_one_cm":17261,"minecraft:jump":1492,"minecraft:walk_on_water_one_cm":26893,"minecraft:total_world_time":148299,"minecraft:interact_with_smoker":6,"minecraft:fall_one_cm":33021},"minecraft:broken":{"minecraft:stone_sword":1},"minecraft:mined":{"farmersdelight:wild_carrots":1,"minecraft:crafting_table":1,"minecraft:granite":8,"minecraft:grass_block":1,"swem:star_worm_cobble":1,"minecraft:tall_grass":1,"minecraft:copper_ore":9,"minecraft:cobblestone":9,"minecraft:spruce_leaves":11,"minecraft:diorite":2,"minecraft:wall_torch":1,"farmersdelight:wild_beetroots":1,"minecraft:iron_ore":2,"minecraft:sweet_berry_bush":12,"born_in_chaos_v1:black_argillite_brick_stairs":2,"minecraft:spruce_log":2,"treechop:chopped_log":16,"born_in_chaos_v1:black_argillite_brick":1,"minecraft:enchanting_table":1,"minecraft:grass":8,"chococraft:gysahl_green":64,"minecraft:coal_ore":18,"minecraft:gravel":1,"minecraft:sand":6,"minecraft:dirt":8,"minecraft:stone":56,"minecraft:fern":1},"minecraft:killed":{"born_in_chaos_v1:restless_spirit":2,"minecraft:spider":2,"majruszsdifficulty:cursed_armor":1,"born_in_chaos_v1:decrepit_skeleton":3,"born_in_chaos_v1:maggot":1,"alexsmobs:catfish":1,"untamedwilds:bison":3,"alexsmobs:bison":2,"minecraft:drowned":1},"minecraft:picked_up":{"minecraft:enchanting_table":1,"swem:timothy_seeds":3,"minecraft:crafting_table":2,"chococraft:loverly_gysahl_green":14,"born_in_chaos_v1:monster_flesh":8,"minecraft:water_bucket":1,"minecraft:andesite":1,"swem:star_worm":3,"minecraft:leather":12,"iceandfire:armor_copper_metal_chestplate":1,"minecraft:smoker":1,"minecraft:chain":1,"minecraft:golden_boots":1,"minecraft:golden_sword":1,"skilltree:gem":4,"minecraft:dirt":31,"minecraft:raw_copper":50,"minecraft:iron_leggings":1,"born_in_chaos_v1:monster_skin":1,"minecraft:bone":18,"born_in_chaos_v1:black_argillite_brick":1,"chococraft:gysahl_green":199,"untamedwilds:material_fat":5,"chococraft:gold_gysahl":6,"minecraft:wheat_seeds":2,"minecraft:beef":24,"born_in_chaos_v1:smoked_flesh":7,"minecraft:stone_pickaxe":1,"swem:oat_seeds":2,"crittersandcompanions:clam":1,"minecraft:furnace":1,"minecraft:golden_helmet":1,"minecraft:stick":49,"minecraft:raw_iron":3,"minecraft:sweet_berries":31,"ecologics:coconut_slice":6,"minecraft:torch":24,"born_in_chaos_v1:ethereal_spirit":3,"minecraft:gravel":2,"minecraft:sand":16,"tombstone:grave_dust":1,"minecraft:carrot":6,"minecraft:spruce_sapling":56,"chococraft:gysahl_green_seeds":59,"minecraft:white_bed":1,"minecraft:diorite":6,"minecraft:spruce_log":118,"iceandfire:armor_copper_metal_boots":1,"born_in_chaos_v1:black_argillite_brick_stairs":2,"alexsmobs:raw_catfish":1,"minecraft:stone_sword":4,"minecraft:rotten_flesh":8,"swem:speed_xp_potion":1,"minecraft:stone_axe":1,"spartanshields:copper_tower_shield":1,"minecraft:granite":27,"minecraft:gold_ingot":2,"tombstone:magic_scroll":1,"minecraft:oak_sapling":1,"minecraft:coal":51,"iceandfire:raw_silver":1,"minecraft:cobblestone":121},"minecraft:dropped":{"iceandfire:raw_silver":1,"minecraft:wheat_seeds":2,"minecraft:stone_sword":2,"minecraft:rotten_flesh":2,"minecraft:granite":27,"chococraft:gysahl_green_seeds":49,"minecraft:dirt":29,"swem:timothy_seeds":1,"minecraft:diorite":6,"swem:all_xp_potion":1,"minecraft:andesite":1,"skilltree:gem":1,"swem:speed_xp_potion":2,"iceandfire:armor_copper_metal_boots":1,"minecraft:oak_sapling":1,"minecraft:potion":1,"swem:star_worm":3,"minecraft:spruce_log":54,"chococraft:gysahl_green":1,"swem:oat_seeds":2,"tombstone:tablet_of_cupidity":1,"minecraft:spruce_sapling":56},"minecraft:used":{"minecraft:golden_boots":1,"alexsmobs:raw_catfish":1,"minecraft:water_bucket":2,"minecraft:stone_sword":202,"minecraft:stone_pickaxe":109,"minecraft:torch":4,"iceandfire:armor_copper_metal_boots":1,"minecraft:crafting_table":2,"born_in_chaos_v1:smoked_flesh":4,"iceandfire:armor_copper_metal_chestplate":1,"spartanshields:copper_tower_shield":3,"minecraft:golden_helmet":1,"minecraft:stone_axe":102,"ecologics:coconut_slice":5,"minecraft:cobblestone":66,"minecraft:sweet_berries":20,"minecraft:cooked_cod":10,"minecraft:bucket":2,"tombstone:gift":2,"chococraft:gysahl_green":56,"alexsmobs:animal_dictionary":2,"minecraft:experience_bottle":2,"minecraft:iron_leggings":1}},"DataVersion":3465}