{"stats":{"minecraft:killed":{"hmag:catoblepas":1},"minecraft:dropped":{"chococraft:loverly_gysahl_green":2,"minecraft:wheat_seeds":1,"minecraft:cherry_log":64,"minecraft:stone_shovel":1,"swem:alfalfa_seeds":5,"minecraft:cobblestone":4,"minecraft:iron_boots":1,"chococraft:gysahl_green_seeds":63,"minecraft:dirt":65,"swem:timothy_seeds":2,"minecraft:spruce_log":10,"minecraft:stone_pickaxe":1,"minecraft:pink_petals":22,"chococraft:gysahl_green":11,"swem:oat_seeds":2},"minecraft:picked_up":{"swem:timothy_seeds":3,"minecraft:pink_petals":23,"chococraft:loverly_gysahl_green":7,"minecraft:crafting_table":2,"minecraft:cherry_planks":16,"minecraft:leather":1,"minecraft:smoker":1,"skilltree:gem":4,"minecraft:dirt":260,"chococraft:chocobo_feather":1,"minecraft:bone":1,"chococraft:gysahl_green":140,"minecraft:wheat_seeds":1,"minecraft:bell":1,"minecraft:stone_pickaxe":2,"minecraft:iron_ingot":7,"minecraft:fletching_table":1,"swem:oat_seeds":2,"minecraft:iron_boots":1,"minecraft:furnace":2,"minecraft:stick":95,"minecraft:raw_iron":7,"minecraft:torch":24,"minecraft:spruce_sapling":12,"minecraft:cherry_log":195,"justhammers:stone_hammer":1,"chococraft:gysahl_green_seeds":82,"minecraft:spruce_log":60,"rats:block_of_cheese":5,"minecraft:stone_sword":2,"minecraft:stone_shovel":1,"minecraft:stone_axe":2,"swem:alfalfa_seeds":6,"minecraft:cherry_sapling":230,"minecraft:cobblestone":292},"minecraft:crafted":{"minecraft:cherry_planks":168,"minecraft:stone_shovel":1,"minecraft:stone_axe":1,"rats:cheese":20,"minecraft:stone_pickaxe":2,"minecraft:smoker":1},"minecraft:custom":{"minecraft:interact_with_furnace":4,"minecraft:mob_kills":1,"minecraft:interact_with_crafting_table":8,"minecraft:open_barrel":3,"minecraft:leave_game":1,"minecraft:time_since_death":73993,"minecraft:sleep_in_bed":5,"minecraft:climb_one_cm":3672,"minecraft:time_since_rest":6837,"minecraft:sprint_one_cm":245833,"minecraft:damage_taken":1326,"minecraft:walk_one_cm":258998,"minecraft:drop":81,"minecraft:damage_dealt":64,"minecraft:swim_one_cm":4952,"minecraft:fly_one_cm":230580,"minecraft:open_chest":59,"minecraft:crouch_one_cm":16456,"minecraft:play_time":87930,"minecraft:deaths":1,"minecraft:sneak_time":5795,"minecraft:walk_under_water_one_cm":5536,"minecraft:jump":1056,"minecraft:walk_on_water_one_cm":915,"minecraft:total_world_time":87930,"minecraft:interact_with_smoker":4,"minecraft:fall_one_cm":38411},"minecraft:mined":{"minecraft:cherry_planks":16,"minecraft:smoker":1,"minecraft:cherry_log":1,"minecraft:crafting_table":2,"minecraft:grass_block":125,"minecraft:tall_grass":2,"minecraft:cobblestone":14,"minecraft:spruce_leaves":3,"minecraft:wall_torch":2,"minecraft:pink_petals":11,"minecraft:furnace":1,"minecraft:iron_ore":7,"minecraft:spruce_log":10,"treechop:chopped_log":24,"minecraft:fletching_table":1,"minecraft:grass":20,"chococraft:gysahl_green":67,"minecraft:dirt":170,"minecraft:stone":172,"minecraft:fern":1},"minecraft:used":{"minecraft:stone_sword":13,"minecraft:stone_shovel":261,"minecraft:stone_pickaxe":195,"minecraft:cherry_planks":183,"minecraft:fletching_table":1,"minecraft:torch":6,"minecraft:dirt":144,"minecraft:crafting_table":2,"minecraft:spruce_log":1,"minecraft:smoker":2,"minecraft:apple":3,"chococraft:gysahl_green_seeds":2,"minecraft:iron_boots":2,"rats:cheese":20,"justhammers:stone_hammer":18,"minecraft:stone_axe":195,"minecraft:pink_petals":1,"minecraft:cobblestone":64,"minecraft:furnace":1,"chococraft:gysahl_green":19,"minecraft:cherry_log":1},"minecraft:broken":{"minecraft:stone_pickaxe":1,"minecraft:stone_axe":1,"minecraft:stone_shovel":1}},"DataVersion":3465}