{"stats":{"minecraft:used":{"minecraft:apple":3,"minecraft:stone_sword":9,"minecraft:stone_pickaxe":52,"minecraft:stone_shovel":7,"minecraft:stone_axe":47,"minecraft:torch":1,"minecraft:dirt":4,"minecraft:cobblestone":31,"chococraft:gysahl_green":3},"minecraft:dropped":{"minecraft:oak_log":22,"minecraft:raw_iron":1,"minecraft:oak_sapling":21,"minecraft:stick":15},"minecraft:picked_up":{"minecraft:crafting_table":1,"minecraft:stick":15,"minecraft:raw_iron":1,"minecraft:torch":23,"minecraft:oak_log":44,"chococraft:gysahl_green_seeds":6,"minecraft:dirt":7,"minecraft:stone_sword":1,"chococraft:gysahl_green":21,"minecraft:rotten_flesh":2,"minecraft:stone_shovel":1,"minecraft:apple":3,"minecraft:stone_axe":1,"minecraft:stone_pickaxe":1,"minecraft:oak_sapling":21,"swem:oat_seeds":1,"minecraft:cobblestone":50,"minecraft:furnace":2},"minecraft:custom":{"minecraft:time_since_rest":19179,"minecraft:interact_with_furnace":3,"minecraft:sprint_one_cm":30040,"minecraft:damage_taken":700,"minecraft:walk_one_cm":57503,"minecraft:drop":4,"minecraft:damage_dealt":167,"minecraft:interact_with_crafting_table":1,"minecraft:fly_one_cm":21676,"minecraft:crouch_one_cm":128,"minecraft:play_time":24532,"minecraft:deaths":1,"minecraft:sneak_time":116,"minecraft:jump":232,"minecraft:time_since_death":20512,"minecraft:total_world_time":24532,"minecraft:fall_one_cm":4515},"minecraft:mined":{"minecraft:furnace":2,"minecraft:iron_ore":1,"treechop:chopped_log":8,"minecraft:crafting_table":1,"minecraft:torch":1,"minecraft:grass":2,"chococraft:gysahl_green":3,"minecraft:grass_block":1,"minecraft:dirt":6,"minecraft:cobblestone":3,"minecraft:stone":46,"minecraft:wall_torch":6}},"DataVersion":3465}