{"stat.chestOpened":2,"stat.leaveGame":2,"stat.pickup.minecraft.stone_pickaxe":2,"stat.mineBlock.minecraft.ice":2,"stat.pickup.minecraft.stone_axe":1,"stat.drop.minecraft.iron_pickaxe":1,"stat.jump":571,"stat.pickup.zawa.worm":1,"stat.swimOneCm":6004,"stat.pickup.mocreatures.bigcatclaw":2,"stat.fallOneCm":15935,"stat.climbOneCm":562,"stat.pickup.minecraft.iron_ingot":4,"stat.drop.minecraft.cobblestone":15,"stat.pickup.minecraft.cooked_porkchop":15,"stat.useItem.minecraft.stone_axe":92,"stat.pickup.minecraft.porkchop":6,"stat.crouchOneCm":2023,"stat.craftItem.minecraft.iron_ingot":9,"stat.pickup.minecraft.dirt":9,"stat.useItem.minecraft.dirt":7,"stat.useItem.minecraft.stone_slab2":12,"stat.craftingTableInteraction":9,"stat.pickup.minecraft.iron_ore":26,"stat.useItem.minecraft.sapling":10,"stat.craftItem.cannibalism.playerfleshcooked":18,"stat.damageTaken":2151,"stat.mineBlock.minecraft.torch":1,"stat.pickup.minecraft.cobblestone":75,"stat.flyOneCm":41581,"stat.pickup.minecraft.wheat_seeds":1,"stat.useItem.minecraft.stone_pickaxe":88,"stat.useItem.minecraft.stone_sword":48,"stat.useItem.cannibalism.playerfleshcooked":6,"stat.damageDealt":1414,"stat.drop.cannibalism.playerfleshcooked":1,"stat.mineBlock.minecraft.iron_ore":26,"stat.timeSinceDeath":39463,"stat.killEntity.Cow":3,"stat.mineBlock.minecraft.dirt":11,"stat.drop.minecraft.log":8,"stat.useItem.minecraft.iron_pickaxe":38,"stat.killEntity.Pig":4,"stat.pickup.minecraft.mutton":2,"stat.craftItem.minecraft.iron_sword":1,"stat.walkOneCm":242704,"stat.useItem.minecraft.torch":5,"stat.pickup.cannibalism.playerfleshcooked":1,"stat.useItem.minecraft.cobblestone":13,"stat.furnaceInteraction":14,"stat.useItem.minecraft.cooked_porkchop":3,"stat.pickup.minecraft.shield":1,"stat.entityKilledBy.mocreatures:wildhorse":1,"stat.pickup.minecraft.log":170,"stat.pickup.minecraft.beef":4,"stat.pickup.minecraft.iron_pickaxe":1,"stat.useItem.minecraft.cooked_mutton":2,"stat.pickup.minecraft.stone":1,"stat.mineBlock.minecraft.wool":1,"stat.entityKilledBy.icedragon":1,"stat.pickup.minecraft.sapling":37,"stat.mineBlock.minecraft.packed_ice":14,"stat.sprintOneCm":161916,"stat.pickup.minecraft.apple":7,"stat.craftItem.minecraft.stick":4,"stat.killEntity.wild_dog":1,"stat.craftItem.minecraft.planks":24,"stat.useItem.minecraft.iron_sword":40,"stat.pickup.cannibalism.playerflesh":13,"stat.pickup.minecraft.stone_sword":1,"stat.mobKills":9,"stat.mineBlock.minecraft.log":137,"stat.deaths":3,"stat.drop":25,"stat.mineBlock.minecraft.leaves":1273,"stat.playOneMinute":79060,"stat.pickup.minecraft.torch":12,"stat.sneakTime":1078,"stat.craftItem.minecraft.iron_pickaxe":1,"stat.pickup.minecraft.wool":2,"stat.pickup.zawa.care_guide":2,"stat.mineBlock.minecraft.stone":77,"stat.craftItem.minecraft.cooked_mutton":2,"stat.mineBlock.minecraft.tallgrass":15,"stat.diveOneCm":3101}