{"stats":{"minecraft:custom":{"minecraft:interact_with_furnace":3,"minecraft:mob_kills":5,"tombstone:raider_killed":3,"minecraft:interact_with_crafting_table":7,"minecraft:leave_game":1,"minecraft:time_since_death":12836,"minecraft:sleep_in_bed":1,"minecraft:climb_one_cm":1412,"minecraft:time_since_rest":7174,"minecraft:sprint_one_cm":260130,"minecraft:damage_taken":6436,"minecraft:walk_one_cm":262541,"minecraft:damage_blocked_by_shield":1125,"tombstone:sneak_grave":1,"minecraft:drop":47,"tombstone:eaten_lollipop":1,"minecraft:damage_dealt":1518,"minecraft:swim_one_cm":47355,"minecraft:talked_to_villager":1,"minecraft:fly_one_cm":262998,"minecraft:open_chest":3,"minecraft:crouch_one_cm":6938,"minecraft:play_time":114343,"tombstone:undead_killed":1,"minecraft:deaths":6,"minecraft:sneak_time":3001,"minecraft:walk_under_water_one_cm":6242,"minecraft:jump":1574,"minecraft:interact_with_blast_furnace":11,"minecraft:walk_on_water_one_cm":14894,"minecraft:total_world_time":114343,"minecraft:fall_one_cm":40922},"minecraft:dropped":{"chococraft:loverly_gysahl_green":6,"minecraft:wheat_seeds":4,"crittersandcompanions:clam":1,"minecraft:oak_log":44,"chococraft:gold_gysahl":1,"minecraft:raw_iron":1,"swem:alfalfa_seeds":5,"scalinghealth:heart_crystal_shard":2,"minecraft:rotten_flesh":2,"minecraft:granite":3,"chococraft:gysahl_green_seeds":47,"iceandfire:armor_copper_metal_helmet":1,"minecraft:copper_ingot":23,"minecraft:golden_apple":1,"minecraft:stick":15,"minecraft:dirt":14,"swem:timothy_seeds":1,"minecraft:andesite":3,"minecraft:melon_slice":4,"skilltree:gem":3,"minecraft:oak_sapling":21,"tombstone:grave_dust":1,"minecraft:golden_hoe":1,"swem:leggings_gold":1,"minecraft:arrow":1,"tombstone:scroll_of_preservation":1,"chococraft:gysahl_green":15,"swem:oat_seeds":7,"hmag:exp_berry":1},"minecraft:used":{"minecraft:stone_sword":79,"iceandfire:armor_copper_metal_leggings":1,"minecraft:stone_shovel":26,"minecraft:stone_pickaxe":105,"tombstone:lollipop":1,"minecraft:torch":1,"minecraft:dirt":14,"minecraft:crafting_table":2,"minecraft:blast_furnace":1,"iceandfire:armor_copper_metal_chestplate":1,"minecraft:apple":3,"minecraft:melon_slice":23,"spartanshields:copper_tower_shield":20,"minecraft:bamboo":6,"minecraft:stone_axe":64,"minecraft:cobblestone":86,"minecraft:furnace":2,"tombstone:gift":2,"chococraft:gysahl_green":148,"alexsmobs:animal_dictionary":1,"minecraft:brown_bed":1},"minecraft:killed":{"minecraft:vindicator":2,"enemyexpansion:direwolf":1,"minecraft:pillager":1,"minecraft:drowned":1},"minecraft:broken":{"minecraft:golden_helmet":1},"minecraft:crafted":{"iceandfire:armor_copper_metal_leggings":1,"minecraft:copper_ingot":26,"iceandfire:armor_copper_metal_helmet":1,"iceandfire:armor_copper_metal_chestplate":1},"minecraft:mined":{"minecraft:podzol":1,"minecraft:white_bed":1,"monsters_and_girls:ink_cap_mushroom":1,"minecraft:crafting_table":3,"minecraft:torch":1,"minecraft:granite":3,"minecraft:blast_furnace":1,"minecraft:grass_block":10,"minecraft:melon":3,"minecraft:copper_ore":11,"minecraft:cobblestone":8,"minecraft:wall_torch":6,"minecraft:furnace":2,"minecraft:iron_ore":2,"minecraft:fire":1,"minecraft:andesite":1,"treechop:chopped_log":8,"minecraft:grass":27,"chococraft:gysahl_green":48,"minecraft:dirt":22,"minecraft:stone":77},"minecraft:picked_up":{"swem:timothy_seeds":1,"chococraft:loverly_gysahl_green":6,"minecraft:crafting_table":2,"minecraft:andesite":1,"minecraft:brown_bed":1,"minecraft:oak_log":44,"mutantmonsters:mutant_skeleton_limb":8,"skilltree:gem":3,"minecraft:dirt":68,"mutantmonsters:mutant_skeleton_skull":1,"minecraft:raw_copper":55,"man:cassette_1safetyinstructions":1,"chococraft:gysahl_green":181,"minecraft:apple":3,"chococraft:gold_gysahl":1,"minecraft:wheat_seeds":4,"minecraft:stone_pickaxe":1,"minecraft:bamboo":6,"minecraft:melon_slice":27,"swem:oat_seeds":7,"crittersandcompanions:clam":1,"minecraft:furnace":2,"minecraft:stick":15,"minecraft:raw_iron":2,"scalinghealth:heart_crystal_shard":2,"minecraft:copper_ingot":23,"minecraft:torch":23,"chococraft:gysahl_green_seeds":47,"minecraft:blast_furnace":1,"minecraft:white_bed":1,"monsters_and_girls:ink_cap_mushroom":1,"mutantmonsters:mutant_skeleton_pelvis":1,"tombstone:lollipop":1,"minecraft:arrow":1,"minecraft:stone_sword":1,"minecraft:rotten_flesh":2,"minecraft:stone_shovel":2,"minecraft:stone_axe":1,"spartanshields:copper_tower_shield":1,"swem:alfalfa_seeds":5,"minecraft:granite":3,"mutantmonsters:mutant_skeleton_rib":3,"minecraft:oak_sapling":21,"mutantmonsters:mutant_skeleton_shoulder_pad":2,"iceandfire:raw_silver":1,"minecraft:cobblestone":87}},"DataVersion":3465}