{"stats":{"minecraft:crafted":{"minecraft:cooked_cod":10},"minecraft:custom":{"minecraft:time_since_rest":34299,"minecraft:interact_with_furnace":4,"minecraft:sprint_one_cm":99606,"minecraft:damage_taken":477,"minecraft:walk_one_cm":91271,"minecraft:mob_kills":2,"minecraft:drop":3,"minecraft:damage_dealt":645,"minecraft:interact_with_crafting_table":4,"minecraft:swim_one_cm":1814,"minecraft:fly_one_cm":37481,"minecraft:open_barrel":3,"minecraft:open_chest":1,"tombstone:undead_killed":1,"minecraft:crouch_one_cm":2511,"minecraft:play_time":34299,"minecraft:sneak_time":948,"minecraft:walk_under_water_one_cm":348,"minecraft:jump":337,"minecraft:leave_game":1,"minecraft:time_since_death":34299,"minecraft:walk_on_water_one_cm":10445,"minecraft:climb_one_cm":140,"minecraft:interact_with_smoker":6,"minecraft:total_world_time":34299,"minecraft:fall_one_cm":3775},"minecraft:mined":{"farmersdelight:wild_beetroots":1,"minecraft:iron_ore":2,"minecraft:sweet_berry_bush":12,"minecraft:spruce_log":2,"treechop:chopped_log":16,"minecraft:crafting_table":1,"minecraft:grass":1,"chococraft:gysahl_green":6,"minecraft:grass_block":1,"minecraft:coal_ore":18,"minecraft:dirt":1,"minecraft:spruce_leaves":11,"minecraft:stone":48,"minecraft:fern":1},"minecraft:killed":{"minecraft:drowned":1,"born_in_chaos_v1:maggot":1},"minecraft:picked_up":{"chococraft:loverly_gysahl_green":1,"minecraft:crafting_table":1,"minecraft:stick":49,"minecraft:raw_iron":3,"minecraft:sweet_berries":31,"born_in_chaos_v1:monster_flesh":1,"minecraft:water_bucket":1,"ecologics:coconut_slice":6,"iceandfire:armor_copper_metal_chestplate":1,"minecraft:smoker":1,"chococraft:gysahl_green_seeds":5,"minecraft:spruce_sapling":56,"iceandfire:armor_copper_metal_boots":1,"minecraft:spruce_log":118,"skilltree:gem":2,"minecraft:dirt":3,"born_in_chaos_v1:monster_skin":1,"minecraft:stone_sword":1,"chococraft:gysahl_green":40,"minecraft:stone_axe":1,"spartanshields:copper_tower_shield":1,"minecraft:stone_pickaxe":1,"crittersandcompanions:clam":1,"minecraft:coal":23,"minecraft:cobblestone":63,"minecraft:furnace":1},"minecraft:dropped":{"minecraft:dirt":1,"minecraft:spruce_log":54,"minecraft:spruce_sapling":56},"minecraft:used":{"iceandfire:armor_copper_metal_chestplate":1,"minecraft:stone_sword":30,"minecraft:stone_pickaxe":68,"minecraft:stone_axe":100,"ecologics:coconut_slice":5,"iceandfire:armor_copper_metal_boots":1,"minecraft:cobblestone":15,"minecraft:sweet_berries":8,"minecraft:crafting_table":1,"minecraft:cooked_cod":1,"chococraft:gysahl_green":10}},"DataVersion":3465}