{"stats":{"minecraft:custom":{"minecraft:time_since_rest":14023,"minecraft:interact_with_furnace":3,"minecraft:sprint_one_cm":66713,"minecraft:damage_taken":1615,"minecraft:walk_one_cm":104020,"minecraft:mob_kills":1,"minecraft:drop":10,"minecraft:damage_dealt":513,"minecraft:swim_one_cm":22935,"minecraft:interact_with_crafting_table":1,"minecraft:fly_one_cm":54619,"tombstone:undead_killed":1,"minecraft:open_chest":1,"minecraft:crouch_one_cm":2804,"minecraft:play_time":42343,"minecraft:deaths":2,"minecraft:sneak_time":867,"minecraft:walk_under_water_one_cm":1011,"minecraft:jump":436,"minecraft:leave_game":1,"minecraft:time_since_death":14315,"minecraft:walk_on_water_one_cm":4849,"minecraft:total_world_time":42343,"minecraft:fall_one_cm":10269},"minecraft:dropped":{"minecraft:dirt":3,"minecraft:oak_log":22,"swem:leggings_gold":1,"minecraft:oak_sapling":21,"minecraft:raw_iron":1,"minecraft:rotten_flesh":2,"tombstone:scroll_of_preservation":1,"minecraft:golden_apple":1,"swem:oat_seeds":1,"minecraft:stick":15},"minecraft:used":{"minecraft:apple":3,"minecraft:stone_sword":19,"minecraft:stone_pickaxe":52,"minecraft:melon_slice":8,"minecraft:stone_shovel":8,"minecraft:stone_axe":51,"minecraft:dirt":5,"minecraft:torch":1,"minecraft:cobblestone":33,"tombstone:gift":2,"chococraft:gysahl_green":41},"minecraft:killed":{"minecraft:drowned":1},"minecraft:mined":{"minecraft:furnace":2,"minecraft:iron_ore":1,"minecraft:fire":1,"treechop:chopped_log":8,"minecraft:crafting_table":1,"minecraft:torch":1,"minecraft:grass":4,"chococraft:gysahl_green":3,"minecraft:grass_block":2,"minecraft:melon":3,"minecraft:dirt":6,"minecraft:cobblestone":3,"minecraft:stone":46,"minecraft:wall_torch":6},"minecraft:picked_up":{"minecraft:crafting_table":1,"minecraft:stick":15,"minecraft:raw_iron":1,"minecraft:torch":23,"minecraft:oak_log":44,"chococraft:gysahl_green_seeds":6,"minecraft:dirt":9,"minecraft:stone_sword":1,"minecraft:stone_shovel":1,"minecraft:rotten_flesh":2,"chococraft:gysahl_green":41,"minecraft:apple":3,"minecraft:stone_axe":1,"minecraft:stone_pickaxe":1,"swem:oat_seeds":1,"minecraft:oak_sapling":21,"minecraft:melon_slice":27,"crittersandcompanions:clam":1,"minecraft:cobblestone":50,"minecraft:furnace":2}},"DataVersion":3465}