{"stats":{"minecraft:dropped":{"minecraft:raw_iron":2,"minecraft:cobblestone":22,"chococraft:gysahl_green":17},"minecraft:mined":{"minecraft:iron_ore":1,"monsters_and_girls:ink_cap_mushroom":1,"minecraft:torch":1,"minecraft:coal_ore":2,"chococraft:gysahl_green":7,"minecraft:grass_block":2,"minecraft:dirt":6,"swem:star_worm_cobble":5,"minecraft:cobblestone":2,"minecraft:stone":91,"minecraft:wall_torch":3},"minecraft:used":{"monsters_and_girls:ink_cap_mushroom":1,"minecraft:stone_sword":1,"minecraft:stone_pickaxe":112,"minecraft:torch":1,"minecraft:dirt":4,"minecraft:cobblestone":28,"minecraft:furnace":3,"tombstone:gift":1,"chococraft:gysahl_green":14,"alexsmobs:animal_dictionary":3},"minecraft:custom":{"minecraft:time_since_rest":5584,"minecraft:interact_with_furnace":2,"minecraft:sprint_one_cm":21095,"minecraft:damage_taken":823,"minecraft:walk_one_cm":72639,"minecraft:drop":41,"minecraft:damage_dealt":66,"minecraft:interact_with_crafting_table":7,"minecraft:fly_one_cm":7987,"minecraft:crouch_one_cm":262,"minecraft:play_time":28388,"minecraft:deaths":1,"minecraft:sneak_time":120,"minecraft:jump":195,"minecraft:time_since_death":6420,"minecraft:total_world_time":28388,"minecraft:fall_one_cm":2511},"minecraft:crafted":{"minecraft:stone_pickaxe":1,"minecraft:stone_sword":1,"minecraft:furnace":3},"minecraft:picked_up":{"chococraft:loverly_gysahl_green":2,"minecraft:stick":12,"minecraft:raw_iron":2,"minecraft:andesite":2,"swem:star_worm":21,"minecraft:torch":19,"chococraft:gysahl_green_seeds":8,"monsters_and_girls:ink_cap_mushroom":1,"skilltree:gem":1,"minecraft:dirt":6,"chococraft:gysahl_green":29,"minecraft:stone_pickaxe":1,"minecraft:birch_sapling":2,"minecraft:coal":2,"minecraft:cobblestone":90}},"DataVersion":3465}