{"stats":{"minecraft:crafted":{"minecraft:cooked_cod":10,"minecraft:stone_axe":1,"minecraft:stone_sword":1},"minecraft:custom":{"minecraft:mob_kills":23,"minecraft:interact_with_crafting_table":7,"minecraft:open_barrel":14,"minecraft:bell_ring":2,"minecraft:leave_game":1,"minecraft:time_since_death":144,"minecraft:climb_one_cm":5911,"minecraft:sprint_one_cm":482678,"minecraft:walk_one_cm":378185,"minecraft:damage_blocked_by_shield":183,"minecraft:drop":86,"minecraft:play_noteblock":2,"minecraft:play_time":178299,"minecraft:deaths":3,"minecraft:sneak_time":12003,"minecraft:walk_under_water_one_cm":18924,"minecraft:jump":2076,"minecraft:walk_on_water_one_cm":34218,"minecraft:total_world_time":178299,"minecraft:interact_with_furnace":4,"spartanshields:shield_bash_hits":2,"minecraft:sleep_in_bed":3,"minecraft:time_since_rest":1,"minecraft:damage_taken":4319,"tombstone:sneak_grave":1,"minecraft:damage_dealt":6633,"minecraft:swim_one_cm":131078,"minecraft:fly_one_cm":371492,"minecraft:open_chest":36,"minecraft:crouch_one_cm":25472,"tombstone:undead_killed":5,"tombstone:villager_killed":1,"minecraft:interact_with_smoker":6,"minecraft:fall_one_cm":52876},"minecraft:broken":{"minecraft:golden_helmet":1,"minecraft:golden_boots":1,"minecraft:stone_sword":1},"minecraft:mined":{"minecraft:white_bed":1,"farmersdelight:wild_carrots":1,"minecraft:gray_glazed_terracotta":1,"minecraft:granite":8,"minecraft:grass_block":2,"minecraft:spruce_leaves":11,"minecraft:iron_ore":2,"born_in_chaos_v1:black_argillite_brick_stairs":2,"treechop:chopped_log":16,"minecraft:enchanting_table":2,"chococraft:gysahl_green":64,"minecraft:bookshelf":24,"minecraft:stone":56,"minecraft:crafting_table":1,"minecraft:cobblestone":12,"minecraft:copper_ore":9,"swem:star_worm_cobble":1,"minecraft:tall_grass":1,"minecraft:diorite":2,"minecraft:wall_torch":1,"farmersdelight:wild_beetroots":1,"minecraft:sweet_berry_bush":12,"minecraft:spruce_log":2,"minecraft:black_bed":2,"born_in_chaos_v1:black_argillite_brick":1,"minecraft:grass":8,"minecraft:coal_ore":18,"minecraft:sand":6,"minecraft:gravel":1,"minecraft:dirt":8,"minecraft:fern":1},"minecraft:killed":{"born_in_chaos_v1:zombie_clown":1,"born_in_chaos_v1:restless_spirit":2,"minecraft:spider":2,"born_in_chaos_v1:maggot":4,"plenty_of_golems:first_of_the_village":1,"alexsmobs:bison":2,"minecraft:drowned":1,"majruszsdifficulty:cursed_armor":1,"born_in_chaos_v1:decrepit_skeleton":3,"alexsmobs:catfish":1,"untamedwilds:bison":3,"mca:female_villager":1},"minecraft:picked_up":{"chococraft:loverly_gysahl_green":14,"minecraft:crafting_table":2,"iceandfire:armor_copper_metal_chestplate":1,"minecraft:stone_brick_stairs":1,"minecraft:chain":1,"minecraft:golden_sword":1,"minecraft:raw_copper":50,"minecraft:iron_leggings":1,"born_in_chaos_v1:intoxicating_decoction":1,"born_in_chaos_v1:black_argillite_brick":1,"useless_sword:wooden_cactus_sword":1,"minecraft:beef":24,"crittersandcompanions:clam":1,"minecraft:furnace":1,"minecraft:golden_helmet":1,"minecraft:stick":49,"minecraft:raw_iron":3,"ecologics:coconut_slice":6,"minecraft:torch":24,"tombstone:grave_dust":1,"minecraft:diorite":6,"born_in_chaos_v1:black_argillite_brick_stairs":2,"iceandfire:armor_copper_metal_boots":1,"minecraft:carrot":6,"minecraft:stone_sword":4,"minecraft:rotten_flesh":8,"swem:speed_xp_potion":1,"spartanshields:copper_tower_shield":1,"minecraft:gold_ingot":2,"minecraft:cobblestone":125,"minecraft:enchanting_table":2,"swem:timothy_seeds":4,"born_in_chaos_v1:monster_flesh":9,"minecraft:water_bucket":1,"minecraft:andesite":1,"swem:star_worm":3,"minecraft:black_bed":1,"minecraft:leather":12,"minecraft:smoker":1,"minecraft:golden_boots":1,"skilltree:gem":4,"minecraft:gray_concrete":3,"minecraft:dirt":32,"born_in_chaos_v1:monster_skin":1,"minecraft:bone":18,"chococraft:gysahl_green":207,"minecraft:stone_bricks":2,"chococraft:gold_gysahl":6,"untamedwilds:material_fat":5,"minecraft:wheat_seeds":3,"born_in_chaos_v1:smoked_flesh":7,"minecraft:stone_pickaxe":1,"minecraft:glass_bottle":1,"swem:oat_seeds":2,"minecraft:book":72,"minecraft:sweet_berries":31,"born_in_chaos_v1:ethereal_spirit":3,"minecraft:gravel":2,"minecraft:sand":16,"chococraft:gysahl_green_seeds":62,"minecraft:spruce_sapling":56,"minecraft:white_bed":2,"minecraft:spruce_log":118,"alexsmobs:raw_catfish":1,"born_in_chaos_v1:fire_dust":1,"minecraft:stone_axe":1,"minecraft:granite":27,"tombstone:magic_scroll":1,"minecraft:oak_sapling":1,"iceandfire:raw_silver":1,"minecraft:coal":51},"minecraft:dropped":{"minecraft:iron_ingot":1,"iceandfire:raw_silver":1,"minecraft:wheat_seeds":3,"chococraft:gysahl_green_seeds":49,"minecraft:granite":27,"minecraft:dirt":30,"minecraft:gray_concrete":3,"minecraft:diorite":6,"skilltree:gem":1,"iceandfire:armor_copper_metal_boots":1,"useless_sword:wooden_cactus_sword":1,"minecraft:potion":1,"swem:star_worm":3,"swem:speed_xp_potion":2,"minecraft:spruce_sapling":56,"swem:oat_seeds":2,"minecraft:stone_sword":2,"minecraft:bowl":1,"minecraft:rotten_flesh":2,"swem:timothy_seeds":1,"swem:all_xp_potion":1,"minecraft:andesite":1,"minecraft:oak_sapling":1,"minecraft:spruce_log":54,"chococraft:gysahl_green":1,"tombstone:tablet_of_cupidity":1},"minecraft:used":{"minecraft:stone_sword":248,"born_in_chaos_v1:intoxicating_decoction":1,"minecraft:torch":4,"iceandfire:armor_copper_metal_boots":1,"born_in_chaos_v1:smoked_flesh":22,"minecraft:sweet_berries":20,"minecraft:cooked_cod":10,"tombstone:gift":2,"minecraft:iron_leggings":1,"minecraft:golden_boots":1,"alexsmobs:raw_catfish":1,"minecraft:water_bucket":3,"minecraft:stone_pickaxe":114,"minecraft:crafting_table":2,"minecraft:mushroom_stew":2,"minecraft:white_bed":2,"minecraft:black_bed":1,"iceandfire:armor_copper_metal_chestplate":1,"spartanshields:copper_tower_shield":4,"minecraft:golden_helmet":1,"minecraft:stone_axe":120,"ecologics:coconut_slice":5,"minecraft:cobblestone":88,"minecraft:bucket":3,"chococraft:gysahl_green":61,"alexsmobs:animal_dictionary":2,"minecraft:experience_bottle":2}},"DataVersion":3465}