{"stats":{"minecraft:used":{"alexsmobs:animal_dictionary":1},"minecraft:custom":{"minecraft:jump":12,"minecraft:open_chest":5,"minecraft:time_since_rest":5306,"minecraft:leave_game":1,"minecraft:walk_on_water_one_cm":2419,"minecraft:sprint_one_cm":1702,"minecraft:play_time":5306,"minecraft:time_since_death":5306,"minecraft:walk_one_cm":4294,"minecraft:sneak_time":62,"minecraft:climb_one_cm":16,"minecraft:total_world_time":5306,"minecraft:walk_under_water_one_cm":2403,"minecraft:fly_one_cm":30864}},"DataVersion":3465}