{"stat.chestOpened":1,"stat.killEntity.mocreatures:snake":1,"stat.walkOneCm":58356,"stat.useItem.minecraft.torch":3,"stat.playerKills":1,"stat.pickup.cannibalism.playerfleshcooked":7,"stat.pickup.howlingmoon.silver_sword":1,"stat.leaveGame":1,"stat.pickup.minecraft.arrow":2,"stat.furnaceInteraction":11,"stat.pickup.howlingmoon.potion_wolfsbane":1,"stat.talkedToVillager":1,"stat.craftItem.minecraft.coal":5,"stat.pickup.minecraft.log":13,"stat.jump":289,"stat.fallOneCm":4987,"stat.useItem.tombstone.gift":1,"stat.pickup.minecraft.furnace":2,"stat.craftItem.minecraft.stone_slab2":0,"stat.killEntity.rat":2,"stat.crouchOneCm":1460,"stat.useItem.howlingmoon.silver_sword":5,"stat.craftItem.minecraft.torch":12,"stat.entityKilledBy.icedragon":1,"stat.pickup.minecraft.sapling":3,"stat.pickup.minecraft.dirt":8,"stat.useItem.minecraft.dirt":5,"stat.sprintOneCm":27847,"stat.useItem.minecraft.stone_slab2":2,"stat.pickup.minecraft.bow":1,"stat.pickup.howlingmoon.moonstone":1,"stat.craftItem.minecraft.stick":8,"stat.craftingTableInteraction":4,"stat.pickup.mocreatures.mocegg":1,"stat.craftItem.minecraft.planks":28,"stat.craftItem.cannibalism.playerfleshcooked":1,"stat.damageTaken":1276,"stat.pickup.cannibalism.playerflesh":8,"stat.mineBlock.minecraft.torch":1,"stat.mineBlock.minecraft.furnace":2,"stat.useItem.minecraft.wooden_pickaxe":2,"stat.mobKills":3,"stat.mineBlock.minecraft.log":7,"stat.pickup.minecraft.planks":28,"stat.flyOneCm":54940,"stat.deaths":4,"stat.entityKilledBy.wild_dog":2,"stat.mineBlock.minecraft.leaves":69,"stat.playOneMinute":24934,"stat.pickup.minecraft.torch":1,"stat.craftItem.minecraft.wooden_slab":12,"stat.sneakTime":684,"stat.useItem.cannibalism.playerfleshcooked":2,"stat.damageDealt":265,"stat.pickup.minecraft.item_frame":10,"stat.timeSinceDeath":8091,"stat.pickup.zawa.care_guide":1,"stat.mineBlock.minecraft.dirt":8,"stat.craftItem.minecraft.wooden_pickaxe":1,"stat.mineBlock.minecraft.tallgrass":2}