{"stats":{"minecraft:mined":{"born_in_chaos_v1:marigolds":1,"minecraft:crafting_table":1,"minecraft:grass_block":11,"swem:star_worm_cobble":1,"minecraft:tall_grass":2,"minecraft:cobblestone":1,"minecraft:furnace":2,"treechop:chopped_log":3,"minecraft:grass":7,"minecraft:oak_log":2,"minecraft:dirt":29,"minecraft:stone":109,"minecraft:oak_leaves":3},"minecraft:killed":{"minecraft:zombie":2},"minecraft:picked_up":{"born_in_chaos_v1:corpse_maggot":1,"swem:timothy_seeds":2,"minecraft:crafting_table":1,"swem:star_worm":4,"minecraft:wooden_pickaxe":1,"minecraft:oak_log":62,"minecraft:dirt":78,"minecraft:apple":1,"minecraft:stone_pickaxe":1,"swem:oat_seeds":2,"minecraft:furnace":2,"minecraft:stick":10,"scalinghealth:heart_crystal_shard":7,"minecraft:porkchop":2,"minecraft:carrot":1,"minecraft:rotten_flesh":4,"swem:alfalfa_seeds":6,"minecraft:oak_sapling":22,"minecraft:coal":25,"minecraft:cobblestone":128},"minecraft:used":{"minecraft:stone_sword":9,"minecraft:stone_shovel":13,"minecraft:stone_pickaxe":100,"minecraft:wooden_pickaxe":17,"minecraft:rotten_flesh":3,"minecraft:torch":2,"minecraft:dirt":11,"minecraft:crafting_table":3,"minecraft:smoker":1,"minecraft:oak_log":1,"minecraft:apple":1,"minecraft:stone_axe":10,"minecraft:cobblestone":3,"minecraft:oak_sapling":8,"minecraft:furnace":2,"minecraft:cooked_porkchop":1,"tombstone:gift":2},"minecraft:dropped":{"minecraft:stone_axe":1,"minecraft:stone_sword":2,"minecraft:cooked_porkchop":1,"swem:alfalfa_seeds":4,"swem:timothy_seeds":1,"minecraft:torch":3,"swem:star_worm":3,"minecraft:stone_pickaxe":3},"minecraft:crafted":{"minecraft:oak_planks":4,"minecraft:cobblestone_slab":6,"minecraft:stone_shovel":1,"minecraft:cooked_porkchop":2,"minecraft:crafting_table":2,"minecraft:wooden_pickaxe":2,"minecraft:furnace":2,"minecraft:stone_axe":2,"minecraft:air":0,"minecraft:charcoal":3,"minecraft:stick":40,"born_in_chaos_v1:fried_maggot":1,"minecraft:stone_pickaxe":5,"minecraft:stone_sword":4,"minecraft:stone_hoe":1,"minecraft:smoker":1},"minecraft:custom":{"minecraft:interact_with_furnace":14,"minecraft:mob_kills":2,"minecraft:interact_with_crafting_table":12,"minecraft:leave_game":1,"minecraft:time_since_death":13521,"minecraft:time_since_rest":12946,"minecraft:sprint_one_cm":22274,"minecraft:damage_taken":1509,"minecraft:walk_one_cm":73753,"minecraft:drop":17,"minecraft:damage_dealt":365,"minecraft:fly_one_cm":24179,"minecraft:crouch_one_cm":2518,"minecraft:play_time":32911,"tombstone:undead_killed":2,"minecraft:deaths":5,"minecraft:sneak_time":858,"minecraft:jump":201,"minecraft:total_world_time":32911,"minecraft:interact_with_smoker":7,"minecraft:fall_one_cm":2057},"minecraft:killed_by":{"minecraft:zombie":2}},"DataVersion":3465}