{"stats":{"minecraft:picked_up":{"minecraft:sand":1,"ecologics:seashell":1},"minecraft:used":{"minecraft:sand":15,"minecraft:obsidian":7},"minecraft:custom":{"minecraft:jump":31,"minecraft:time_since_rest":42667,"minecraft:damage_dealt":149,"minecraft:leave_game":4,"minecraft:sprint_one_cm":171,"minecraft:play_time":42667,"minecraft:walk_on_water_one_cm":782,"minecraft:time_since_death":42667,"minecraft:walk_one_cm":7056,"minecraft:sneak_time":190,"minecraft:total_world_time":42667,"minecraft:drop":1,"minecraft:fly_one_cm":14496},"minecraft:dropped":{"minecraft:obsidian":1}},"DataVersion":3465}