{"stats":{"minecraft:dropped":{"minecraft:furnace":1,"minecraft:stone_axe":2,"minecraft:stone_sword":3,"minecraft:stone_shovel":1,"justhammers:stone_hammer":1,"minecraft:torch":20,"rats:block_of_cheese":5,"minecraft:stone_pickaxe":2},"minecraft:picked_up":{"minecraft:pink_petals":1,"minecraft:crafting_table":4,"minecraft:wheat":6,"minecraft:cherry_planks":45,"swem:star_worm":34,"minecraft:smoker":1,"minecraft:potato":1,"minecraft:flint":5,"minecraft:cherry_door":5,"minecraft:dirt":154,"skilltree:gem":11,"minecraft:blue_bed":2,"minecraft:raw_copper":12,"chococraft:gysahl_green":30,"chococraft:gold_gysahl":1,"minecraft:wheat_seeds":19,"minecraft:poppy":2,"minecraft:cherry_button":2,"minecraft:furnace":1,"minecraft:stick":4,"minecraft:cherry_stairs":1,"minecraft:sweet_berries":34,"minecraft:torch":26,"minecraft:gravel":26,"minecraft:cherry_log":64,"minecraft:spruce_sapling":2,"chococraft:gysahl_green_seeds":19,"minecraft:blast_furnace":1,"minecraft:spruce_log":24,"minecraft:carrot":5,"minecraft:stone_sword":1,"minecraft:purple_bed":3,"minecraft:cherry_sapling":41,"minecraft:coal":66,"undead_revamp2:arapholia":2,"minecraft:cobblestone":387},"minecraft:crafted":{"minecraft:cooked_cod":6,"minecraft:smooth_stone":3,"minecraft:stone_shovel":2,"minecraft:spruce_planks":16,"minecraft:wooden_pickaxe":2,"minecraft:cherry_button":2,"minecraft:furnace":3,"minecraft:blast_furnace":1,"minecraft:stone":14,"minecraft:stone_axe":4,"minecraft:air":150,"justhammers:stone_hammer":2,"minecraft:stick":22,"minecraft:cherry_stairs":12,"minecraft:stone_pickaxe":6,"minecraft:stone_sword":4,"minecraft:chest":15,"minecraft:cherry_door":6},"minecraft:custom":{"minecraft:interact_with_furnace":10,"minecraft:interact_with_crafting_table":31,"minecraft:open_barrel":2,"minecraft:pot_flower":1,"minecraft:leave_game":1,"minecraft:time_since_death":70462,"minecraft:sleep_in_bed":4,"minecraft:climb_one_cm":1724,"minecraft:time_since_rest":9075,"minecraft:sprint_one_cm":140957,"minecraft:damage_taken":915,"minecraft:walk_one_cm":316133,"minecraft:drop":12,"minecraft:swim_one_cm":11476,"minecraft:fly_one_cm":142432,"minecraft:open_chest":108,"minecraft:crouch_one_cm":8034,"minecraft:play_time":83211,"minecraft:deaths":1,"minecraft:sneak_time":3011,"minecraft:walk_under_water_one_cm":5668,"minecraft:jump":761,"minecraft:walk_on_water_one_cm":3029,"minecraft:interact_with_smoker":10,"minecraft:total_world_time":83211,"minecraft:fall_one_cm":22260},"minecraft:mined":{"undead_revamp2:arapholia":3,"minecraft:cherry_planks":3,"minecraft:smoker":1,"farmersdelight:wild_carrots":5,"minecraft:crafting_table":4,"minecraft:torch":5,"minecraft:blast_furnace":1,"minecraft:grass_block":20,"minecraft:poppy":2,"swem:star_worm_cobble":8,"minecraft:copper_ore":3,"minecraft:cobblestone":25,"minecraft:spruce_leaves":14,"minecraft:blue_bed":2,"minecraft:wall_torch":18,"minecraft:pink_petals":1,"minecraft:purple_bed":3,"minecraft:furnace":1,"minecraft:wheat":8,"minecraft:sweet_berry_bush":15,"minecraft:spruce_log":2,"minecraft:cherry_door":3,"minecraft:pumpkin_stem":1,"treechop:chopped_log":1,"minecraft:grass":2,"chococraft:gysahl_green":9,"minecraft:potatoes":1,"minecraft:coal_ore":59,"minecraft:cherry_button":2,"minecraft:gravel":31,"minecraft:dirt":37,"minecraft:stone":203,"minecraft:cherry_stairs":1,"minecraft:oak_leaves":7,"minecraft:fern":2},"minecraft:used":{"minecraft:stone_sword":10,"minecraft:stone_shovel":82,"minecraft:stone_pickaxe":283,"minecraft:poppy":1,"minecraft:chest":15,"minecraft:wooden_pickaxe":6,"minecraft:cherry_planks":31,"minecraft:blue_bed":2,"minecraft:torch":54,"minecraft:dirt":93,"minecraft:crafting_table":3,"minecraft:blast_furnace":1,"minecraft:cherry_door":9,"chococraft:gysahl_green_seeds":19,"minecraft:bread":1,"minecraft:cherry_button":4,"justhammers:stone_hammer":32,"minecraft:gravel":1,"rats:cheese":10,"minecraft:stone_axe":20,"minecraft:cobblestone":74,"minecraft:cherry_stairs":11,"minecraft:sweet_berries":28,"minecraft:purple_bed":3,"minecraft:furnace":2,"minecraft:cooked_cod":3,"chococraft:gysahl_green":8},"minecraft:killed_by":{"man:managgresive":1},"minecraft:broken":{"minecraft:stone_pickaxe":1}},"DataVersion":3465}