{"stats":{"minecraft:dropped":{"minecraft:enchanted_book":1,"minecraft:water_bucket":1,"minecraft:wheat_seeds":2,"chococraft:loverly_gysahl_green":7,"chococraft:gold_gysahl":1,"minecraft:glass_bottle":4,"minecraft:crafting_table":1,"iceandfire:armor_copper_metal_chestplate":1,"tombstone:tablet_of_assistance":1,"chococraft:gysahl_green_seeds":6,"minecraft:coal":8,"born_in_chaos_v1:monster_flesh":7,"minecraft:torch":21,"minecraft:mutton":27,"iceandfire:armor_copper_metal_boots":1,"useless_sword:wooden_cactus_sword":1,"enemyexpansion:wasp_thorax":2,"minecraft:chain":4,"minecraft:white_wool":9,"swem:oat_seeds":1,"minecraft:stone_axe":2,"minecraft:stone_sword":1,"minecraft:bowl":2,"born_in_chaos_v1:ethereal_spirit":1,"swem:alfalfa_seeds":3,"minecraft:rotten_flesh":13,"born_in_chaos_v1:smoked_flesh":8,"minecraft:white_bed":1,"man:tearoftheman":1,"travelersbackpack:white_sleeping_bag":2,"spartanshields:copper_tower_shield":1,"minecraft:stone_pickaxe":2,"chococraft:gysahl_green":60,"tombstone:tablet_of_cupidity":1},"minecraft:mined":{"undead_revamp2:arapholia":8,"minecraft:spruce_planks":2,"minecraft:white_bed":4,"iceandfire:silver_ore":2,"monsters_and_girls:ink_cap_mushroom":2,"farmersdelight:wild_carrots":44,"minecraft:granite":39,"minecraft:grass_block":24,"travelersbackpack:white_sleeping_bag":2,"minecraft:spruce_leaves":9,"minecraft:large_fern":1,"minecraft:furnace":3,"minecraft:iron_ore":2,"minecraft:fire":1,"minecraft:andesite":2,"minecraft:stripped_spruce_log":1,"treechop:chopped_log":1,"chococraft:gysahl_green":149,"minecraft:vine":5,"minecraft:lantern":1,"minecraft:stone":157,"minecraft:gray_concrete":3,"minecraft:red_bed":6,"minecraft:smoker":1,"minecraft:crafting_table":8,"iceandfire:ghost_chest":3,"minecraft:potted_warped_roots":1,"minecraft:cobblestone":22,"minecraft:copper_ore":14,"minecraft:tall_grass":4,"minecraft:oak_planks":5,"minecraft:diorite":7,"minecraft:wall_torch":6,"minecraft:sweet_berry_bush":9,"minecraft:black_bed":4,"minecraft:grass":40,"minecraft:coal_ore":5,"minecraft:gravel":1,"minecraft:sand":22,"minecraft:dirt":43,"minecraft:cobweb":6,"minecraft:stone_bricks":3,"minecraft:oak_leaves":14,"minecraft:fern":3},"minecraft:killed":{"born_in_chaos_v1:restless_spirit":2,"born_in_chaos_v1:zombie_clown_not_despawn":1,"minecraft:spider":2,"born_in_chaos_v1:maggot":3,"minecraft:panda":1,"born_in_chaos_v1:decrepit_skeleton":3,"minecraft:sheep":4,"alexsmobs:catfish":1,"minecraft:zombie":8,"born_in_chaos_v1:dread_hound":2,"born_in_chaos_v1:corpse_fly":2,"untamedwilds:bison":1,"minecraft:wither_skeleton":1,"enemyexpansion:wasp":3},"minecraft:custom":{"minecraft:mob_kills":34,"minecraft:interact_with_crafting_table":38,"minecraft:open_barrel":33,"minecraft:damage_dealt_resisted":152,"minecraft:leave_game":4,"minecraft:time_since_death":22616,"minecraft:climb_one_cm":13766,"minecraft:sprint_one_cm":523284,"minecraft:walk_one_cm":521725,"minecraft:damage_blocked_by_shield":1535,"minecraft:drop":51,"minecraft:play_time":214754,"minecraft:deaths":3,"minecraft:sneak_time":13644,"minecraft:walk_under_water_one_cm":43469,"minecraft:jump":3408,"minecraft:interact_with_brewingstand":4,"minecraft:walk_on_water_one_cm":53124,"minecraft:total_world_time":214754,"minecraft:interact_with_furnace":30,"spartanshields:shield_bash_hits":1,"minecraft:sleep_in_bed":7,"minecraft:time_since_rest":6757,"minecraft:damage_taken":5882,"minecraft:damage_dealt":7200,"minecraft:swim_one_cm":174640,"minecraft:fly_one_cm":717374,"minecraft:open_chest":62,"minecraft:crouch_one_cm":42286,"tombstone:undead_killed":13,"minecraft:interact_with_smoker":6,"minecraft:fall_one_cm":107596},"minecraft:used":{"minecraft:stone_sword":129,"minecraft:tropical_fish":6,"alexsmobs:small_catfish_bucket":1,"minecraft:stone_shovel":74,"born_in_chaos_v1:intoxicating_decoction":3,"minecraft:spruce_planks":1,"born_in_chaos_v1:fried_maggot":3,"minecraft:rotten_flesh":7,"minecraft:torch":32,"minecraft:dirt":30,"born_in_chaos_v1:corpse_maggot":2,"born_in_chaos_v1:smoked_flesh":14,"minecraft:lantern":1,"minecraft:iron_axe":9,"minecraft:stone_bricks":3,"minecraft:sweet_berries":23,"minecraft:furnace":3,"minecraft:cooked_cod":10,"tombstone:gift":6,"tombstone:scroll_of_knowledge":1,"minecraft:water_bucket":46,"minecraft:stone_pickaxe":113,"minecraft:oak_planks":3,"minecraft:wooden_pickaxe":3,"born_in_chaos_v1:stimulating_decoction":2,"minecraft:salmon":7,"minecraft:crafting_table":7,"minecraft:red_bed":5,"minecraft:white_bed":5,"useless_sword:wooden_cactus_sword":45,"minecraft:black_bed":5,"hmag:spectral_soup":1,"minecraft:smoker":1,"chococraft:gysahl_green_seeds":37,"tombstone:tablet_of_assistance":6,"minecraft:iron_pickaxe":139,"travelersbackpack:white_sleeping_bag":2,"spartanshields:copper_tower_shield":30,"born_in_chaos_v1:smoked_monster_flesh":1,"justhammers:stone_hammer":34,"minecraft:golden_helmet":1,"minecraft:stone_axe":45,"minecraft:fishing_rod":2,"minecraft:cobblestone":137,"minecraft:potion":1,"minecraft:bucket":47,"minecraft:chain":4,"chococraft:gysahl_green":140,"minecraft:experience_bottle":3},"minecraft:picked_up":{"minecraft:fishing_rod":1,"chococraft:loverly_gysahl_green":12,"minecraft:crafting_table":8,"minecraft:wheat":1,"born_in_chaos_v1:smoked_monster_flesh":6,"enemyexpansion:wasp_thorax":4,"minecraft:enchanted_book":2,"minecraft:potion":2,"minecraft:chain":8,"minecraft:golden_sword":1,"iceandfire:manuscript":8,"minecraft:string":10,"minecraft:red_bed":5,"minecraft:raw_copper":35,"minecraft:iron_axe":1,"minecraft:iron_leggings":1,"born_in_chaos_v1:intoxicating_decoction":2,"minecraft:gold_nugget":44,"useless_sword:wooden_cactus_sword":1,"minecraft:spruce_planks":25,"minecraft:player_head":2,"born_in_chaos_v1:stimulating_decoction":2,"tombstone:tablet_of_assistance":1,"farmersdelight:golden_knife":1,"minecraft:furnace":2,"minecraft:stick":52,"minecraft:raw_iron":7,"iceandfire:ghost_chest":1,"minecraft:copper_ingot":1,"minecraft:torch":13,"minecraft:bowl":1,"monsters_and_girls:monsters_and_girls_changelog":1,"tombstone:grave_dust":3,"minecraft:carrot":37,"monsters_and_girls:ink_cap_mushroom":2,"tombstone:tablet_of_cupidity":1,"iceandfire:silver_ingot":4,"minecraft:rotten_flesh":20,"swem:alfalfa_seeds":3,"minecraft:gold_ingot":1,"minecraft:mutton":33,"undead_revamp2:arapholia":7,"minecraft:skeleton_skull":2,"minecraft:white_wool":3,"minecraft:cobblestone":209,"born_in_chaos_v1:corpse_maggot":5,"swem:timothy_seeds":3,"minecraft:water_bucket":1,"minecraft:black_bed":6,"minecraft:leather":9,"iceandfire:ectoplasm":3,"skilltree:gem":5,"minecraft:dirt":59,"minecraft:lantern":1,"tombstone:gift":1,"minecraft:bone":8,"chococraft:gysahl_green":340,"chococraft:gold_gysahl":1,"minecraft:stone_bricks":3,"untamedwilds:material_fat":2,"minecraft:wheat_seeds":2,"born_in_chaos_v1:smoked_flesh":1,"minecraft:iron_ingot":1,"minecraft:stone_pickaxe":1,"minecraft:cobweb":17,"minecraft:glass_bottle":1,"swem:oat_seeds":5,"minecraft:oak_planks":5,"minecraft:sweet_berries":29,"born_in_chaos_v1:ethereal_spirit":1,"minecraft:sand":11,"minecraft:spruce_sapling":68,"justhammers:stone_hammer":1,"chococraft:gysahl_green_seeds":98,"minecraft:white_bed":4,"minecraft:spruce_log":64,"travelersbackpack:white_sleeping_bag":3,"born_in_chaos_v1:fire_dust":1,"minecraft:stone_axe":1,"minecraft:granite":49,"minecraft:emerald":1,"minecraft:coal":5},"minecraft:crafted":{"minecraft:black_dye":2,"minecraft:stone_shovel":1,"spartanshields:wooden_tower_shield":2,"minecraft:furnace":3,"iceandfire:armor_copper_metal_leggings":1,"minecraft:stone":3,"iceandfire:armor_copper_metal_boots":2,"travelersbackpack:white_sleeping_bag":2,"spartanshields:copper_tower_shield":2,"born_in_chaos_v1:fried_maggot":3,"minecraft:stone_pickaxe":2,"iceandfire:armor_copper_metal_chestplate":1,"minecraft:smoker":1,"minecraft:cooked_cod":10,"minecraft:spruce_planks":4,"minecraft:wooden_pickaxe":1,"minecraft:copper_ingot":35,"minecraft:stone_axe":2,"minecraft:air":71,"justhammers:stone_hammer":1,"minecraft:stick":16,"minecraft:iron_ingot":3,"minecraft:iron_pickaxe":1,"minecraft:stone_sword":3,"minecraft:white_bed":2,"minecraft:torch":12},"minecraft:broken":{"useless_sword:wooden_cactus_sword":1}},"DataVersion":3465}