{"stat.drop.minecraft.stone_pickaxe":1,"stat.pickup.minecraft.wooden_slab":2,"stat.pickup.toughasnails.purified_water_bottle":1,"stat.mineBlock.minecraft.cobblestone":1,"stat.drop.cannibalism.stoneknife":1,"stat.craftItem.zawa.reptile_meat_cooked":1,"stat.swimOneCm":8931,"stat.useItem.minecraft.planks":7,"stat.pickup.minecraft.glass":4,"stat.useItem.minecraft.dirt":5,"stat.useItem.minecraft.stone_slab2":8,"stat.pickup.minecraft.sand":31,"stat.craftItem.minecraft.furnace":1,"stat.craftItem.minecraft.stone_axe":2,"stat.craftItem.minecraft.stone_pickaxe":2,"stat.craftItem.minecraft.cooked_beef":1,"stat.pickup.minecraft.cobblestone":43,"stat.useItem.minecraft.stone_shovel":33,"stat.craftItem.minecraft.stone_sword":2,"stat.flyOneCm":28942,"stat.craftItem.minecraft.glass_bottle":15,"stat.mineBlock.minecraft.sand":17,"stat.drop.minecraft.sand":11,"stat.pickup.trevorcraft.deprivedchunk":13,"stat.craftItem.minecraft.wooden_slab":6,"stat.useItem.minecraft.cooked_beef":2,"stat.timeSinceDeath":31616,"stat.craftItem.minecraft.wooden_pickaxe":1,"stat.pickup.minecraft.double_plant":1,"stat.furnaceInteraction":64,"stat.mineBlock.minecraft.coal_ore":19,"stat.craftItem.cannibalism.stoneknife":2,"stat.pickup.minecraft.furnace":8,"stat.pickup.tombstone.crafting_ingredient":1,"stat.craftItem.minecraft.stone_slab2":0,"stat.pickup.zawa.reptile_meat_raw":1,"stat.sprintOneCm":28502,"stat.craftItem.minecraft.stick":20,"stat.pickup.tombstone.magic_scroll":1,"stat.craftItem.toughasnails.purified_water_bottle":16,"stat.mineBlock.minecraft.crafting_table":2,"stat.mineBlock.minecraft.planks":2,"stat.drop":9,"stat.playOneMinute":31616,"stat.pickup.zawa.care_guide":1,"stat.mineBlock.minecraft.tallgrass":2,"stat.diveOneCm":2006,"stat.killEntity.crawler":7,"stat.drop.toughasnails.purified_water_bottle":2,"stat.useItem.minecraft.glass_bottle":20,"stat.pickup.minecraft.stone_axe":1,"stat.craftItem.minecraft.coal":1,"stat.drop.minecraft.apple":1,"stat.jump":518,"stat.pickup.minecraft.coal":19,"stat.fallOneCm":3944,"stat.drop.minecraft.stone_sword":1,"stat.useItem.minecraft.stone_axe":17,"stat.crouchOneCm":1718,"stat.pickup.zawa.tortoise_shell":1,"stat.craftItem.minecraft.torch":4,"stat.pickup.minecraft.dirt":18,"stat.useItem.zawa.reptile_meat_cooked":1,"stat.craftingTableInteraction":17,"stat.pickup.iceandfire.shiny_scales":2,"stat.craftItem.cannibalism.playerfleshcooked":2,"stat.damageTaken":385,"stat.mineBlock.minecraft.furnace":8,"stat.mineBlock.minecraft.torch":2,"stat.useItem.minecraft.wooden_pickaxe":13,"stat.useItem.minecraft.furnace":4,"stat.pickup.minecraft.prismarine_shard":1,"stat.pickup.minecraft.planks":27,"tombstone:undead_killed":7,"stat.useItem.minecraft.stone_pickaxe":65,"stat.useItem.minecraft.stone_sword":24,"stat.mineBlock.trevorcraft.depravity":1,"stat.useItem.cannibalism.playerfleshcooked":3,"stat.craftItem.minecraft.glass":15,"stat.damageDealt":1456,"stat.mineBlock.minecraft.dirt":20,"stat.craftItem.minecraft.stone_shovel":1,"stat.walkOneCm":66264,"stat.useItem.minecraft.torch":1,"stat.pickup.cannibalism.playerfleshcooked":2,"stat.pickup.minecraft.crafting_table":2,"stat.craftItem.minecraft.crafting_table":1,"stat.killEntity.mocreatures:tiger":1,"stat.pickup.minecraft.log":48,"stat.pickup.minecraft.sapling":53,"stat.pickup.minecraft.apple":1,"stat.pickup.minecraft.cooked_beef":2,"stat.craftItem.minecraft.planks":176,"stat.pickup.cannibalism.playerflesh":3,"stat.mobKills":10,"stat.mineBlock.minecraft.log":49,"stat.mineBlock.trevorcraft.bleachstone":2,"stat.mineBlock.minecraft.leaves":645,"stat.pickup.minecraft.torch":3,"stat.sneakTime":1047,"stat.drop.minecraft.stone_axe":2,"stat.mineBlock.minecraft.stone":44}