{"stats":{"minecraft:dropped":{"minecraft:furnace":1,"minecraft:stone_axe":2,"minecraft:stone_sword":3,"minecraft:stone_shovel":1,"justhammers:stone_hammer":1,"rats:block_of_cheese":5,"minecraft:stone_pickaxe":2},"minecraft:picked_up":{"minecraft:pink_petals":1,"minecraft:crafting_table":3,"minecraft:wheat":6,"minecraft:cherry_planks":43,"swem:star_worm":34,"minecraft:potato":1,"minecraft:flint":5,"minecraft:cherry_door":1,"minecraft:dirt":104,"skilltree:gem":9,"minecraft:blue_bed":2,"minecraft:raw_copper":12,"chococraft:gysahl_green":30,"chococraft:gold_gysahl":1,"minecraft:wheat_seeds":19,"minecraft:poppy":2,"minecraft:cherry_button":2,"minecraft:furnace":1,"minecraft:stick":4,"minecraft:cherry_stairs":1,"minecraft:sweet_berries":34,"minecraft:torch":8,"minecraft:gravel":25,"minecraft:cherry_log":64,"minecraft:spruce_sapling":2,"chococraft:gysahl_green_seeds":19,"minecraft:spruce_log":24,"minecraft:carrot":5,"minecraft:stone_sword":1,"minecraft:purple_bed":3,"minecraft:cherry_sapling":29,"minecraft:coal":51,"undead_revamp2:arapholia":2,"minecraft:cobblestone":352},"minecraft:crafted":{"minecraft:cooked_cod":3,"minecraft:smooth_stone":3,"minecraft:stone_shovel":2,"minecraft:spruce_planks":16,"minecraft:wooden_pickaxe":2,"minecraft:cherry_button":2,"minecraft:furnace":3,"minecraft:blast_furnace":1,"minecraft:stone":14,"minecraft:stone_axe":4,"minecraft:air":149,"justhammers:stone_hammer":2,"minecraft:stick":22,"minecraft:cherry_stairs":12,"minecraft:stone_pickaxe":5,"minecraft:stone_sword":4,"minecraft:chest":15,"minecraft:cherry_door":3},"minecraft:custom":{"minecraft:interact_with_furnace":10,"minecraft:interact_with_crafting_table":28,"minecraft:leave_game":1,"minecraft:time_since_death":46462,"minecraft:sleep_in_bed":2,"minecraft:time_since_rest":10750,"minecraft:sprint_one_cm":90712,"minecraft:damage_taken":915,"minecraft:walk_one_cm":240266,"minecraft:drop":11,"minecraft:swim_one_cm":11476,"minecraft:fly_one_cm":129063,"minecraft:open_chest":36,"minecraft:crouch_one_cm":3393,"minecraft:play_time":59211,"minecraft:deaths":1,"minecraft:sneak_time":1185,"minecraft:walk_under_water_one_cm":5668,"minecraft:jump":645,"minecraft:walk_on_water_one_cm":3029,"minecraft:interact_with_smoker":8,"minecraft:total_world_time":59211,"minecraft:fall_one_cm":20221},"minecraft:mined":{"undead_revamp2:arapholia":3,"minecraft:cherry_planks":1,"farmersdelight:wild_carrots":5,"minecraft:crafting_table":3,"minecraft:torch":3,"minecraft:grass_block":11,"minecraft:poppy":2,"swem:star_worm_cobble":8,"minecraft:copper_ore":3,"minecraft:cobblestone":20,"minecraft:spruce_leaves":14,"minecraft:blue_bed":2,"minecraft:wall_torch":4,"minecraft:pink_petals":1,"minecraft:purple_bed":3,"minecraft:furnace":1,"minecraft:wheat":8,"minecraft:sweet_berry_bush":15,"minecraft:spruce_log":2,"minecraft:cherry_door":1,"minecraft:pumpkin_stem":1,"treechop:chopped_log":1,"minecraft:grass":2,"chococraft:gysahl_green":9,"minecraft:potatoes":1,"minecraft:coal_ore":51,"minecraft:cherry_button":2,"minecraft:gravel":30,"minecraft:dirt":26,"minecraft:stone":191,"minecraft:cherry_stairs":1,"minecraft:oak_leaves":7,"minecraft:fern":2},"minecraft:used":{"minecraft:stone_sword":2,"minecraft:stone_shovel":60,"minecraft:stone_pickaxe":267,"minecraft:poppy":1,"minecraft:chest":15,"minecraft:wooden_pickaxe":6,"minecraft:cherry_planks":1,"minecraft:blue_bed":2,"minecraft:torch":18,"minecraft:dirt":22,"minecraft:crafting_table":3,"minecraft:blast_furnace":1,"minecraft:cherry_door":3,"chococraft:gysahl_green_seeds":19,"minecraft:cherry_button":4,"justhammers:stone_hammer":17,"minecraft:gravel":1,"rats:cheese":10,"minecraft:stone_axe":15,"minecraft:cobblestone":46,"minecraft:cherry_stairs":9,"minecraft:sweet_berries":1,"minecraft:purple_bed":3,"minecraft:furnace":2,"minecraft:cooked_cod":3,"chococraft:gysahl_green":8},"minecraft:killed_by":{"man:managgresive":1}},"DataVersion":3465}