{"stats":{"minecraft:custom":{"minecraft:interact_with_furnace":16,"minecraft:mob_kills":23,"tombstone:raider_killed":3,"minecraft:open_barrel":2,"minecraft:interact_with_crafting_table":17,"minecraft:leave_game":2,"minecraft:time_since_death":0,"minecraft:sleep_in_bed":1,"minecraft:climb_one_cm":880,"minecraft:time_since_rest":0,"minecraft:sprint_one_cm":177268,"minecraft:damage_taken":6697,"minecraft:walk_one_cm":234515,"minecraft:damage_blocked_by_shield":225,"tombstone:sneak_grave":1,"minecraft:drop":72,"minecraft:damage_dealt":5655,"minecraft:talked_to_villager":1,"minecraft:swim_one_cm":80255,"minecraft:fly_one_cm":311859,"minecraft:open_chest":2,"minecraft:crouch_one_cm":8605,"tombstone:undead_killed":7,"minecraft:play_time":124457,"minecraft:deaths":11,"minecraft:sneak_time":3694,"minecraft:walk_under_water_one_cm":20652,"minecraft:jump":1697,"minecraft:interact_with_blast_furnace":9,"minecraft:walk_on_water_one_cm":33054,"minecraft:total_world_time":124457,"minecraft:fall_one_cm":47631},"minecraft:dropped":{"minecraft:stone_axe":3,"minecraft:stone_sword":3,"minecraft:stone_shovel":1,"scalinghealth:heart_crystal_shard":2,"chococraft:gysahl_green_seeds":1,"man:cassette_1safetyinstructions":1,"minecraft:copper_ingot":21,"minecraft:ink_sac":2,"minecraft:torch":16,"spartanshields:copper_tower_shield":3,"minecraft:stone_pickaxe":2,"minecraft:smooth_stone":1,"chococraft:gysahl_green":65,"swem:oat_seeds":1},"minecraft:used":{"minecraft:diorite":1,"minecraft:stone_sword":196,"minecraft:stone_shovel":101,"minecraft:stone_pickaxe":230,"minecraft:wooden_pickaxe":6,"minecraft:stone_hoe":1,"minecraft:torch":25,"minecraft:dirt":62,"scalinghealth:heart_crystal":1,"minecraft:crafting_table":7,"minecraft:blast_furnace":1,"minecraft:white_bed":1,"chococraft:gysahl_green_seeds":1,"minecraft:melon_slice":21,"spartanshields:copper_tower_shield":4,"tombstone:grave_key":2,"minecraft:stone_axe":97,"minecraft:cobblestone":7,"minecraft:furnace":2,"iceandfire:armor_copper_metal_helmet":1,"tombstone:gift":6,"chococraft:gysahl_green":147,"minecraft:brown_bed":2,"minecraft:smooth_stone":1},"minecraft:broken":{"minecraft:stone_pickaxe":1},"minecraft:killed":{"born_in_chaos_v1:barrel_zombie":1,"minecraft:husk":1,"minecraft:spider":2,"mutantmonsters:mutant_skeleton":1,"enemyexpansion:direwolf":1,"undead_revamp2:theswarmer":1,"born_in_chaos_v1:maggot":4,"minecraft:sheep":3,"minecraft:skeleton":1,"minecraft:pillager":3,"alexsmobs:crow":1,"minecraft:drowned":2,"born_in_chaos_v1:firelight_not_despawn":1,"minecraft:cow":1},"minecraft:crafted":{"minecraft:oak_planks":24,"minecraft:smooth_stone":3,"minecraft:stone_shovel":2,"minecraft:crafting_table":1,"spartanshields:wooden_tower_shield":2,"minecraft:wooden_pickaxe":1,"minecraft:furnace":4,"minecraft:blast_furnace":1,"minecraft:copper_ingot":10,"minecraft:stone":3,"minecraft:stone_axe":2,"minecraft:air":70,"spartanshields:copper_tower_shield":2,"minecraft:iron_ingot":7,"minecraft:stone_pickaxe":3,"minecraft:white_bed":1,"minecraft:stone_sword":2,"minecraft:stone_hoe":1,"minecraft:smoker":1},"minecraft:mined":{"minecraft:podzol":5,"minecraft:acacia_leaves":1,"iceandfire:silver_ore":1,"monsters_and_girls:ink_cap_mushroom":4,"farmersdelight:wild_carrots":1,"minecraft:dandelion":1,"minecraft:crafting_table":6,"minecraft:torch":2,"minecraft:blast_furnace":1,"minecraft:grass_block":34,"minecraft:melon":5,"minecraft:tall_grass":5,"minecraft:cobblestone":2,"minecraft:diorite":1,"minecraft:wall_torch":2,"minecraft:hay_block":4,"minecraft:smooth_stone":1,"minecraft:furnace":2,"minecraft:iron_ore":6,"minecraft:andesite":1,"treechop:chopped_log":1,"minecraft:brown_bed":4,"minecraft:grass":49,"chococraft:gysahl_green":110,"minecraft:coal_ore":35,"minecraft:vine":1,"minecraft:dirt":78,"minecraft:stone":182,"minecraft:fern":3},"minecraft:picked_up":{"swem:timothy_seeds":5,"born_in_chaos_v1:corpse_maggot":1,"chococraft:loverly_gysahl_green":17,"minecraft:crafting_table":7,"minecraft:feather":1,"minecraft:leather":2,"minecraft:brown_bed":3,"tombstone:scroll_of_preservation":1,"minecraft:oak_log":50,"iceandfire:armor_copper_metal_helmet":1,"scalinghealth:heart_crystal":2,"skilltree:gem":7,"minecraft:dirt":95,"tombstone:gift":1,"minecraft:pufferfish":1,"minecraft:bone":1,"chococraft:gysahl_green":311,"chococraft:gold_gysahl":3,"minecraft:kelp":2,"minecraft:wheat_seeds":3,"minecraft:smooth_stone":2,"minecraft:beef":1,"minecraft:stone_pickaxe":3,"minecraft:bamboo":11,"swem:oat_seeds":5,"minecraft:melon_slice":21,"crittersandcompanions:clam":1,"minecraft:furnace":2,"minecraft:stick":17,"minecraft:raw_iron":7,"scalinghealth:heart_crystal_shard":10,"minecraft:copper_ingot":23,"minecraft:torch":6,"minecraft:dandelion":1,"minecraft:blast_furnace":1,"chococraft:gysahl_green_seeds":103,"tombstone:grave_dust":3,"minecraft:ink_sac":4,"minecraft:diorite":1,"monsters_and_girls:ink_cap_mushroom":4,"minecraft:carrot":1,"minecraft:spider_eye":1,"minecraft:stone_shovel":3,"minecraft:rotten_flesh":1,"minecraft:stone_sword":3,"minecraft:tube_coral":1,"minecraft:golden_hoe":1,"minecraft:tropical_fish":1,"minecraft:stone_axe":5,"spartanshields:copper_tower_shield":2,"swem:leggings_gold":1,"minecraft:hay_block":4,"swem:alfalfa_seeds":5,"minecraft:golden_apple":1,"minecraft:oak_sapling":22,"minecraft:white_wool":3,"minecraft:coal":52,"minecraft:cobblestone":182}},"DataVersion":3465}