{"stats":{"minecraft:mined":{"treechop:chopped_log":3,"minecraft:grass":1,"minecraft:grass_block":6,"minecraft:oak_log":1,"minecraft:dirt":13,"minecraft:stone":19,"minecraft:oak_leaves":3},"minecraft:killed":{"minecraft:zombie":2},"minecraft:picked_up":{"minecraft:stick":8,"scalinghealth:heart_crystal_shard":7,"minecraft:oak_log":15,"minecraft:carrot":1,"minecraft:dirt":59,"minecraft:rotten_flesh":3,"minecraft:apple":1,"minecraft:stone_pickaxe":1,"minecraft:oak_sapling":9,"swem:oat_seeds":1,"minecraft:cobblestone":32},"minecraft:used":{"minecraft:apple":1,"minecraft:stone_sword":9,"minecraft:stone_pickaxe":13,"minecraft:wooden_pickaxe":7,"minecraft:rotten_flesh":3,"minecraft:dirt":8,"minecraft:cobblestone":2,"minecraft:crafting_table":2,"minecraft:oak_sapling":8,"tombstone:gift":2},"minecraft:dropped":{"minecraft:stone_axe":1,"minecraft:stone_sword":1,"minecraft:stone_pickaxe":2},"minecraft:crafted":{"minecraft:crafting_table":2,"minecraft:stick":16,"minecraft:wooden_pickaxe":2,"minecraft:stone_pickaxe":2,"minecraft:stone_sword":2,"minecraft:stone_axe":1},"minecraft:custom":{"minecraft:time_since_rest":946,"minecraft:sprint_one_cm":11537,"minecraft:damage_taken":1509,"minecraft:walk_one_cm":48756,"minecraft:mob_kills":2,"minecraft:drop":4,"minecraft:damage_dealt":365,"minecraft:interact_with_crafting_table":5,"minecraft:fly_one_cm":6800,"minecraft:crouch_one_cm":2518,"minecraft:play_time":20911,"tombstone:undead_killed":2,"minecraft:deaths":5,"minecraft:sneak_time":852,"minecraft:jump":98,"minecraft:leave_game":1,"minecraft:time_since_death":1521,"minecraft:total_world_time":20911,"minecraft:fall_one_cm":478},"minecraft:killed_by":{"minecraft:zombie":2}},"DataVersion":3465}