{"stats":{"minecraft:crafted":{"minecraft:stone_shovel":1,"spartanshields:wooden_tower_shield":2,"minecraft:furnace":3,"iceandfire:armor_copper_metal_leggings":1,"minecraft:stone":3,"iceandfire:armor_copper_metal_boots":2,"spartanshields:copper_tower_shield":2,"born_in_chaos_v1:fried_maggot":3,"minecraft:stone_pickaxe":2,"iceandfire:armor_copper_metal_chestplate":1,"minecraft:smoker":1,"minecraft:cooked_cod":10,"minecraft:spruce_planks":4,"minecraft:wooden_pickaxe":1,"minecraft:copper_ingot":35,"minecraft:stone_axe":2,"minecraft:air":71,"justhammers:stone_hammer":1,"minecraft:stick":16,"minecraft:iron_ingot":3,"minecraft:iron_pickaxe":1,"minecraft:stone_sword":2,"minecraft:white_bed":2,"minecraft:torch":12},"minecraft:custom":{"minecraft:mob_kills":26,"minecraft:interact_with_crafting_table":29,"minecraft:open_barrel":27,"minecraft:damage_dealt_resisted":152,"minecraft:leave_game":1,"minecraft:time_since_death":29041,"minecraft:climb_one_cm":2955,"minecraft:sprint_one_cm":262585,"minecraft:walk_one_cm":339957,"minecraft:damage_blocked_by_shield":1340,"minecraft:drop":29,"minecraft:play_time":149463,"minecraft:deaths":2,"minecraft:sneak_time":11094,"minecraft:walk_under_water_one_cm":32098,"minecraft:jump":2137,"minecraft:walk_on_water_one_cm":33087,"minecraft:total_world_time":149463,"minecraft:interact_with_furnace":30,"spartanshields:shield_bash_hits":1,"minecraft:sleep_in_bed":2,"minecraft:time_since_rest":27064,"minecraft:damage_taken":3420,"minecraft:damage_dealt":5256,"minecraft:swim_one_cm":134822,"minecraft:fly_one_cm":417783,"minecraft:open_chest":31,"minecraft:crouch_one_cm":34770,"tombstone:undead_killed":10,"minecraft:interact_with_smoker":5,"minecraft:fall_one_cm":60839},"minecraft:mined":{"undead_revamp2:arapholia":7,"minecraft:white_bed":4,"iceandfire:silver_ore":2,"monsters_and_girls:ink_cap_mushroom":2,"farmersdelight:wild_carrots":35,"minecraft:granite":39,"minecraft:grass_block":18,"minecraft:spruce_leaves":8,"minecraft:furnace":3,"minecraft:iron_ore":2,"minecraft:andesite":2,"minecraft:stripped_spruce_log":1,"treechop:chopped_log":1,"chococraft:gysahl_green":123,"minecraft:vine":5,"minecraft:lantern":1,"minecraft:stone":157,"minecraft:smoker":1,"minecraft:crafting_table":5,"iceandfire:ghost_chest":3,"minecraft:cobblestone":22,"minecraft:copper_ore":14,"minecraft:tall_grass":4,"minecraft:oak_planks":5,"minecraft:diorite":7,"minecraft:wall_torch":6,"minecraft:sweet_berry_bush":9,"minecraft:grass":19,"minecraft:coal_ore":5,"minecraft:gravel":1,"minecraft:sand":22,"minecraft:dirt":43,"minecraft:cobweb":6,"minecraft:stone_bricks":3,"minecraft:oak_leaves":11,"minecraft:fern":3},"minecraft:killed":{"born_in_chaos_v1:restless_spirit":2,"minecraft:spider":1,"born_in_chaos_v1:maggot":3,"born_in_chaos_v1:decrepit_skeleton":1,"minecraft:sheep":4,"alexsmobs:catfish":1,"minecraft:zombie":8,"born_in_chaos_v1:dread_hound":1,"untamedwilds:bison":1,"minecraft:wither_skeleton":1,"enemyexpansion:wasp":3},"minecraft:picked_up":{"minecraft:fishing_rod":1,"chococraft:loverly_gysahl_green":11,"minecraft:crafting_table":5,"enemyexpansion:wasp_thorax":2,"minecraft:potion":2,"minecraft:enchanted_book":2,"minecraft:chain":8,"minecraft:golden_sword":1,"iceandfire:manuscript":8,"minecraft:raw_copper":35,"minecraft:string":8,"minecraft:iron_leggings":1,"minecraft:gold_nugget":44,"minecraft:spruce_planks":23,"minecraft:player_head":2,"minecraft:furnace":2,"minecraft:stick":52,"minecraft:raw_iron":5,"iceandfire:ghost_chest":1,"minecraft:copper_ingot":1,"minecraft:torch":6,"monsters_and_girls:monsters_and_girls_changelog":1,"tombstone:grave_dust":2,"minecraft:carrot":29,"monsters_and_girls:ink_cap_mushroom":2,"tombstone:tablet_of_cupidity":1,"iceandfire:silver_ingot":4,"minecraft:rotten_flesh":13,"minecraft:gold_ingot":1,"minecraft:mutton":6,"minecraft:cobblestone":205,"undead_revamp2:arapholia":6,"minecraft:skeleton_skull":2,"minecraft:white_wool":3,"born_in_chaos_v1:corpse_maggot":3,"minecraft:water_bucket":1,"minecraft:leather":7,"iceandfire:ectoplasm":3,"skilltree:gem":5,"minecraft:dirt":33,"minecraft:lantern":1,"tombstone:gift":1,"minecraft:bone":4,"chococraft:gysahl_green":273,"chococraft:gold_gysahl":1,"minecraft:stone_bricks":3,"untamedwilds:material_fat":2,"minecraft:wheat_seeds":2,"minecraft:stone_pickaxe":1,"minecraft:cobweb":17,"minecraft:oak_planks":5,"minecraft:sweet_berries":29,"born_in_chaos_v1:ethereal_spirit":1,"minecraft:sand":11,"chococraft:gysahl_green_seeds":86,"minecraft:spruce_sapling":68,"minecraft:white_bed":4,"minecraft:spruce_log":64,"minecraft:stone_axe":1,"minecraft:granite":49,"minecraft:emerald":1,"minecraft:coal":5},"minecraft:dropped":{"minecraft:enchanted_book":1,"minecraft:water_bucket":1,"minecraft:wheat_seeds":2,"chococraft:loverly_gysahl_green":7,"chococraft:gold_gysahl":1,"minecraft:crafting_table":1,"iceandfire:armor_copper_metal_chestplate":1,"minecraft:coal":8,"born_in_chaos_v1:monster_flesh":7,"minecraft:torch":21,"iceandfire:armor_copper_metal_boots":1,"minecraft:chain":4,"minecraft:stone_axe":2,"minecraft:stone_sword":1,"minecraft:bowl":1,"born_in_chaos_v1:ethereal_spirit":1,"born_in_chaos_v1:smoked_flesh":7,"minecraft:white_bed":1,"spartanshields:copper_tower_shield":1,"minecraft:stone_pickaxe":2,"chococraft:gysahl_green":44},"minecraft:used":{"minecraft:stone_sword":124,"minecraft:tropical_fish":6,"alexsmobs:small_catfish_bucket":1,"minecraft:stone_shovel":74,"minecraft:spruce_planks":1,"born_in_chaos_v1:fried_maggot":3,"minecraft:torch":27,"minecraft:dirt":30,"minecraft:lantern":1,"minecraft:stone_bricks":3,"minecraft:sweet_berries":23,"minecraft:furnace":3,"minecraft:cooked_cod":10,"tombstone:gift":6,"tombstone:scroll_of_knowledge":1,"minecraft:water_bucket":13,"minecraft:stone_pickaxe":113,"minecraft:oak_planks":3,"minecraft:wooden_pickaxe":3,"minecraft:salmon":7,"minecraft:crafting_table":4,"minecraft:white_bed":4,"useless_sword:wooden_cactus_sword":15,"hmag:spectral_soup":1,"minecraft:smoker":1,"chococraft:gysahl_green_seeds":37,"minecraft:iron_pickaxe":139,"spartanshields:copper_tower_shield":29,"justhammers:stone_hammer":27,"minecraft:golden_helmet":1,"minecraft:stone_axe":45,"minecraft:fishing_rod":2,"minecraft:cobblestone":124,"minecraft:bucket":14,"minecraft:chain":2,"chococraft:gysahl_green":62,"minecraft:experience_bottle":3}},"DataVersion":3465}