{"stats":{"minecraft:picked_up":{"minecraft:stick":2,"minecraft:oak_log":6,"minecraft:oak_sapling":1,"minecraft:wheat_seeds":1,"minecraft:dirt":2},"minecraft:custom":{"minecraft:jump":1,"minecraft:time_since_rest":2698,"minecraft:sprint_one_cm":503,"minecraft:play_time":2698,"minecraft:time_since_death":2698,"minecraft:walk_one_cm":2345,"minecraft:total_world_time":2698,"minecraft:fly_one_cm":113},"minecraft:mined":{"minecraft:grass":1,"minecraft:grass_block":1,"treechop:chopped_log":1,"minecraft:dirt":1}},"DataVersion":3465}