{"stats":{"minecraft:picked_up":{"swem:timothy_seeds":2,"minecraft:crafting_table":1,"chococraft:loverly_gysahl_green":8,"ecologics:walnut":3,"minecraft:wheat":12,"ecologics:walnut_log":4,"minecraft:brown_bed":1,"quark:blossom_log":38,"chococraft:gysahl_green_seeds":45,"minecraft:dirt":11,"chococraft:gysahl_green":119,"ecologics:walnut_sapling":5,"minecraft:wheat_seeds":43,"quark:yellow_blossom_sapling":7,"swem:oat_seeds":2,"minecraft:cobblestone":70},"minecraft:mined":{"quark:yellow_blossom_leaves":1,"minecraft:wheat":14,"treechop:chopped_log":2,"minecraft:brown_bed":1,"minecraft:crafting_table":1,"minecraft:grass":8,"chococraft:gysahl_green":53,"minecraft:grass_block":6,"minecraft:dirt":5,"minecraft:stone":70},"minecraft:used":{"minecraft:stone_shovel":4,"minecraft:stone_pickaxe":61,"minecraft:wooden_pickaxe":9,"minecraft:stone_axe":41,"minecraft:dirt":3,"minecraft:crafting_table":1,"chococraft:gysahl_green":10},"minecraft:crafted":{"minecraft:stone_shovel":1,"minecraft:crafting_table":1,"minecraft:stick":13,"minecraft:wooden_pickaxe":1,"minecraft:stone_pickaxe":3,"minecraft:stone_sword":2,"minecraft:stone_axe":2,"minecraft:air":4},"minecraft:dropped":{"minecraft:stone_axe":1,"minecraft:stone_sword":1,"minecraft:stone_pickaxe":1},"minecraft:custom":{"minecraft:time_since_rest":22915,"minecraft:sprint_one_cm":27821,"minecraft:walk_one_cm":49239,"minecraft:damage_taken":130,"minecraft:drop":3,"minecraft:swim_one_cm":565,"minecraft:interact_with_crafting_table":6,"minecraft:fly_one_cm":50619,"minecraft:open_chest":1,"minecraft:crouch_one_cm":28,"minecraft:play_time":22915,"minecraft:walk_under_water_one_cm":111,"minecraft:sneak_time":45,"minecraft:jump":297,"minecraft:walk_on_water_one_cm":113,"minecraft:time_since_death":22915,"minecraft:total_world_time":22915,"minecraft:fall_one_cm":10916}},"DataVersion":3465}