{"stats":{"minecraft:killed":{"minecraft:spider":1,"enemyexpansion:direwolf":2,"minecraft:skeleton":1,"born_in_chaos_v1:decrepit_skeleton":1,"minecraft:pillager":3,"minecraft:zombie":1,"enemyexpansion:botfly":3,"enemyexpansion:slugger":2},"minecraft:picked_up":{"minecraft:crafting_table":7,"chococraft:loverly_gysahl_green":3,"minecraft:wheat":6,"minecraft:anvil":1,"minecraft:smithing_table":1,"minecraft:enchanted_book":1,"enderio:broken_spawner":1,"tombstone:grave_key":1,"minecraft:string":2,"minecraft:raw_copper":51,"minecraft:cobbled_deepslate":156,"minecraft:beef":3,"minecraft:iron_nugget":1,"minecraft:poppy":2,"minecraft:cherry_button":2,"minecraft:iron_boots":2,"minecraft:furnace":1,"minecraft:stick":4,"minecraft:raw_iron":21,"minecraft:cherry_stairs":1,"minecraft:copper_ingot":10,"minecraft:torch":37,"minecraft:cherry_log":64,"minecraft:carrot":5,"minecraft:stone_sword":2,"minecraft:rotten_flesh":4,"swem:alfalfa_seeds":1,"undead_revamp2:arapholia":2,"minecraft:cobblestone":414,"minecraft:pink_petals":6,"minecraft:cherry_planks":45,"minecraft:glow_ink_sac":23,"swem:star_worm":34,"minecraft:smoker":1,"minecraft:potato":1,"paraglider:spirit_orb":2,"minecraft:flint":5,"minecraft:tuff":1,"minecraft:cherry_fence":1,"minecraft:magenta_bed":2,"scalinghealth:heart_crystal":1,"minecraft:blue_bed":2,"skilltree:gem":17,"minecraft:cherry_door":5,"minecraft:dirt":157,"minecraft:white_banner":2,"minecraft:bone":1,"chococraft:gysahl_green":73,"chococraft:gold_gysahl":2,"minecraft:wheat_seeds":21,"enderio:wood_gear":1,"minecraft:raw_gold":1,"minecraft:iron_ingot":16,"minecraft:grindstone":1,"minecraft:sweet_berries":55,"minecraft:gravel":26,"chococraft:gysahl_green_seeds":33,"minecraft:spruce_sapling":2,"minecraft:blast_furnace":5,"minecraft:spruce_log":24,"minecraft:spider_eye":1,"minecraft:purple_bed":3,"minecraft:diamond":5,"minecraft:crossbow":1,"minecraft:cherry_sapling":41,"tombstone:magic_scroll":1,"minecraft:coal":119},"minecraft:dropped":{"minecraft:iron_ingot":16,"rats:cheese":15,"minecraft:wheat_seeds":1,"minecraft:glow_ink_sac":14,"iceandfire:armor_copper_metal_chestplate":1,"minecraft:stick":23,"scalinghealth:heart_crystal":1,"minecraft:torch":28,"rats:block_of_cheese":5,"minecraft:iron_leggings":1,"minecraft:white_banner":2,"minecraft:bucket":1,"minecraft:furnace":1,"minecraft:stone_axe":2,"minecraft:sweet_berries":14,"minecraft:stone_sword":4,"minecraft:stone_shovel":1,"minecraft:iron_boots":2,"iceandfire:armor_copper_metal_helmet":1,"justhammers:stone_hammer":1,"spartanshields:copper_tower_shield":1,"minecraft:stone_pickaxe":2},"minecraft:crafted":{"minecraft:smooth_stone":3,"minecraft:stone_shovel":2,"spartanshields:wooden_tower_shield":2,"minecraft:furnace":3,"minecraft:blast_furnace":1,"minecraft:stone":14,"iceandfire:armor_copper_metal_helmet":2,"minecraft:iron_boots":2,"spartanshields:copper_tower_shield":2,"minecraft:cherry_stairs":12,"iceandfire:armor_copper_metal_chestplate":2,"minecraft:stone_pickaxe":6,"minecraft:chest":16,"minecraft:dark_oak_planks":10,"minecraft:cherry_fence":8,"minecraft:cooked_cod":6,"minecraft:spruce_planks":16,"minecraft:wooden_pickaxe":2,"minecraft:cherry_button":2,"minecraft:copper_ingot":29,"minecraft:bucket":2,"minecraft:stone_axe":4,"minecraft:air":266,"justhammers:stone_hammer":2,"minecraft:stick":39,"minecraft:iron_ingot":35,"minecraft:iron_pickaxe":2,"minecraft:stone_sword":4,"minecraft:iron_leggings":2,"minecraft:cherry_door":6,"minecraft:gold_ingot":1},"minecraft:custom":{"minecraft:interact_with_smithing_table":2,"minecraft:mob_kills":16,"minecraft:animals_bred":1,"minecraft:interact_with_crafting_table":56,"minecraft:open_barrel":3,"minecraft:leave_game":2,"minecraft:time_since_death":9908,"minecraft:climb_one_cm":3538,"minecraft:sprint_one_cm":250864,"minecraft:walk_one_cm":524818,"minecraft:damage_blocked_by_shield":13,"minecraft:drop":34,"minecraft:play_time":163774,"minecraft:deaths":4,"minecraft:sneak_time":9917,"minecraft:walk_under_water_one_cm":40154,"minecraft:jump":1950,"minecraft:interact_with_blast_furnace":32,"minecraft:walk_on_water_one_cm":27804,"minecraft:total_world_time":163774,"minecraft:interact_with_furnace":10,"tombstone:raider_killed":3,"minecraft:pot_flower":1,"minecraft:interact_with_grindstone":2,"minecraft:sleep_in_bed":8,"minecraft:time_since_rest":3909,"minecraft:damage_taken":3955,"minecraft:damage_dealt":3035,"minecraft:fly_one_cm":325508,"minecraft:swim_one_cm":12799,"minecraft:open_chest":166,"minecraft:crouch_one_cm":18014,"tombstone:undead_killed":5,"minecraft:interact_with_smoker":10,"minecraft:fall_one_cm":50143},"minecraft:mined":{"undead_revamp2:arapholia":3,"minecraft:tuff":1,"minecraft:deepslate_diamond_ore":5,"farmersdelight:wild_carrots":5,"born_in_chaos_v1:infected_diamond_ore":1,"minecraft:grass_block":22,"minecraft:spruce_leaves":14,"minecraft:spawner":1,"minecraft:furnace":1,"minecraft:iron_ore":1,"minecraft:fire":2,"treechop:chopped_log":1,"minecraft:anvil":1,"minecraft:bell":1,"chococraft:gysahl_green":24,"minecraft:potatoes":1,"minecraft:deepslate_iron_ore":3,"minecraft:stone":204,"minecraft:cherry_stairs":1,"minecraft:smithing_table":1,"minecraft:cherry_planks":3,"minecraft:smoker":1,"minecraft:crafting_table":7,"minecraft:torch":8,"minecraft:blast_furnace":5,"minecraft:poppy":2,"minecraft:copper_ore":4,"swem:star_worm_cobble":8,"minecraft:tall_grass":3,"minecraft:cobblestone":29,"minecraft:deepslate_gold_ore":1,"minecraft:grindstone":1,"minecraft:wall_torch":18,"minecraft:blue_bed":2,"minecraft:pink_petals":2,"minecraft:cherry_fence":1,"minecraft:purple_bed":3,"minecraft:wheat":8,"minecraft:sweet_berry_bush":21,"minecraft:magenta_bed":2,"minecraft:spruce_log":2,"minecraft:cherry_door":3,"minecraft:pumpkin_stem":1,"minecraft:grass":8,"minecraft:coal_ore":59,"minecraft:cherry_button":2,"minecraft:gravel":31,"minecraft:dirt":37,"minecraft:oak_leaves":7,"minecraft:deepslate":56,"minecraft:fern":2},"minecraft:used":{"minecraft:stone_sword":15,"minecraft:stone_shovel":84,"minecraft:poppy":1,"minecraft:chest":16,"minecraft:torch":70,"minecraft:dirt":94,"minecraft:carrot":1,"minecraft:cherry_button":4,"minecraft:sweet_berries":68,"minecraft:furnace":2,"minecraft:cooked_cod":6,"tombstone:gift":2,"minecraft:cobbled_deepslate":36,"minecraft:cherry_fence":10,"minecraft:water_bucket":4,"minecraft:stone_pickaxe":288,"minecraft:wooden_pickaxe":6,"minecraft:cherry_planks":31,"minecraft:blue_bed":2,"minecraft:magenta_bed":1,"minecraft:crafting_table":6,"minecraft:blast_furnace":5,"minecraft:cherry_door":9,"chococraft:gysahl_green_seeds":33,"minecraft:bread":1,"minecraft:iron_pickaxe":29,"spartanshields:copper_tower_shield":2,"minecraft:gravel":1,"justhammers:stone_hammer":98,"rats:cheese":24,"minecraft:stone_axe":38,"minecraft:cobblestone":131,"minecraft:cherry_stairs":11,"minecraft:purple_bed":3,"minecraft:grindstone":1,"useless_sword:ravager_sword":44,"minecraft:smithing_table":1,"minecraft:bucket":5,"chococraft:gysahl_green":8},"minecraft:killed_by":{"man:managgresive":1,"minecraft:skeleton":1},"minecraft:broken":{"minecraft:stone_pickaxe":1}},"DataVersion":3465}