{"stats":{"minecraft:crafted":{"minecraft:cooked_cod":10,"minecraft:stone_shovel":1,"minecraft:spruce_planks":4,"minecraft:wooden_pickaxe":1,"spartanshields:wooden_tower_shield":2,"minecraft:furnace":3,"iceandfire:armor_copper_metal_leggings":1,"minecraft:copper_ingot":35,"minecraft:stone":3,"minecraft:stone_axe":2,"minecraft:air":71,"iceandfire:armor_copper_metal_boots":2,"justhammers:stone_hammer":1,"born_in_chaos_v1:fried_maggot":3,"spartanshields:copper_tower_shield":2,"minecraft:stick":16,"iceandfire:armor_copper_metal_chestplate":1,"minecraft:iron_ingot":3,"minecraft:iron_pickaxe":1,"minecraft:stone_pickaxe":2,"minecraft:stone_sword":2,"minecraft:smoker":1},"minecraft:custom":{"minecraft:interact_with_furnace":30,"minecraft:mob_kills":12,"minecraft:interact_with_crafting_table":23,"minecraft:open_barrel":13,"minecraft:damage_dealt_resisted":10,"minecraft:leave_game":1,"minecraft:time_since_death":47463,"minecraft:climb_one_cm":195,"minecraft:time_since_rest":47463,"minecraft:sprint_one_cm":56035,"minecraft:damage_taken":805,"minecraft:walk_one_cm":118914,"minecraft:drop":18,"minecraft:damage_dealt":2384,"minecraft:swim_one_cm":6907,"minecraft:fly_one_cm":56499,"minecraft:open_chest":10,"minecraft:crouch_one_cm":16068,"minecraft:play_time":47463,"tombstone:undead_killed":7,"minecraft:sneak_time":5303,"minecraft:walk_under_water_one_cm":3756,"minecraft:jump":430,"minecraft:walk_on_water_one_cm":12799,"minecraft:interact_with_smoker":5,"minecraft:total_world_time":47463,"minecraft:fall_one_cm":6515},"minecraft:mined":{"undead_revamp2:arapholia":6,"minecraft:smoker":1,"minecraft:crafting_table":3,"minecraft:grass_block":8,"minecraft:tall_grass":1,"minecraft:copper_ore":10,"minecraft:cobblestone":11,"minecraft:spruce_leaves":8,"minecraft:oak_planks":5,"minecraft:wall_torch":2,"minecraft:furnace":3,"minecraft:iron_ore":1,"minecraft:sweet_berry_bush":9,"treechop:chopped_log":1,"minecraft:grass":2,"chococraft:gysahl_green":66,"minecraft:coal_ore":5,"minecraft:lantern":1,"minecraft:sand":6,"minecraft:dirt":25,"minecraft:cobweb":6,"minecraft:stone":105,"minecraft:stone_bricks":3,"minecraft:fern":3},"minecraft:killed":{"born_in_chaos_v1:restless_spirit":1,"born_in_chaos_v1:decrepit_skeleton":1,"born_in_chaos_v1:maggot":2,"minecraft:zombie":6,"born_in_chaos_v1:dread_hound":1,"enemyexpansion:wasp":1},"minecraft:picked_up":{"minecraft:fishing_rod":1,"born_in_chaos_v1:corpse_maggot":3,"minecraft:crafting_table":3,"chococraft:loverly_gysahl_green":9,"minecraft:water_bucket":1,"minecraft:potion":1,"minecraft:string":8,"skilltree:gem":4,"minecraft:dirt":30,"minecraft:lantern":1,"minecraft:raw_copper":35,"minecraft:bone":1,"chococraft:gysahl_green":192,"minecraft:stone_bricks":3,"chococraft:gold_gysahl":1,"minecraft:wheat_seeds":1,"minecraft:spruce_planks":23,"minecraft:stone_pickaxe":1,"minecraft:player_head":2,"minecraft:oak_planks":5,"minecraft:furnace":2,"minecraft:stick":50,"minecraft:sweet_berries":29,"minecraft:torch":2,"born_in_chaos_v1:ethereal_spirit":1,"monsters_and_girls:monsters_and_girls_changelog":1,"minecraft:sand":6,"minecraft:spruce_sapling":68,"chococraft:gysahl_green_seeds":66,"minecraft:spruce_log":64,"tombstone:tablet_of_cupidity":1,"minecraft:rotten_flesh":12,"minecraft:stone_axe":1,"minecraft:coal":5,"undead_revamp2:arapholia":6,"minecraft:cobblestone":117},"minecraft:dropped":{"minecraft:water_bucket":1,"minecraft:stone_axe":2,"chococraft:loverly_gysahl_green":7,"minecraft:wheat_seeds":1,"minecraft:stone_sword":1,"chococraft:gold_gysahl":1,"iceandfire:armor_copper_metal_chestplate":1,"born_in_chaos_v1:smoked_flesh":7,"minecraft:coal":8,"born_in_chaos_v1:monster_flesh":7,"minecraft:torch":21,"iceandfire:armor_copper_metal_boots":1,"spartanshields:copper_tower_shield":1,"minecraft:stone_pickaxe":2,"chococraft:gysahl_green":43},"minecraft:used":{"minecraft:stone_sword":56,"minecraft:tropical_fish":6,"minecraft:stone_shovel":31,"minecraft:stone_pickaxe":113,"minecraft:oak_planks":3,"minecraft:spruce_planks":1,"minecraft:wooden_pickaxe":3,"minecraft:torch":13,"minecraft:dirt":30,"minecraft:crafting_table":3,"minecraft:smoker":1,"chococraft:gysahl_green_seeds":37,"minecraft:lantern":1,"minecraft:iron_pickaxe":24,"justhammers:stone_hammer":2,"minecraft:stone_bricks":3,"minecraft:stone_axe":32,"minecraft:fishing_rod":2,"minecraft:cobblestone":35,"minecraft:sweet_berries":4,"minecraft:furnace":3,"minecraft:cooked_cod":1,"chococraft:gysahl_green":27}},"DataVersion":3465}