{"stats":{"minecraft:mined":{"minecraft:grass":1,"minecraft:grass_block":1,"treechop:chopped_log":1},"minecraft:killed_by":{"minecraft:spider":1},"minecraft:custom":{"minecraft:time_since_rest":1,"minecraft:crouch_one_cm":322,"minecraft:play_time":7363,"minecraft:sprint_one_cm":3382,"minecraft:walk_one_cm":10402,"minecraft:damage_taken":500,"minecraft:deaths":2,"minecraft:sneak_time":376,"minecraft:jump":73,"minecraft:damage_dealt":20,"minecraft:leave_game":1,"minecraft:time_since_death":1481,"minecraft:total_world_time":7363,"minecraft:damage_resisted":0,"minecraft:fall_one_cm":2092,"minecraft:fly_one_cm":33070},"minecraft:picked_up":{"minecraft:rotten_flesh":1,"biomesoplenty:dead_sapling":3,"biomesoplenty:dead_log":13,"minecraft:dirt":1},"minecraft:used":{"minecraft:oak_log":23,"tombstone:gift":2}},"DataVersion":3465}