{"stats":{"minecraft:mined":{"born_in_chaos_v1:marigolds":1,"minecraft:smoker":3,"minecraft:crafting_table":2,"minecraft:torch":1,"minecraft:grass_block":23,"minecraft:copper_ore":1,"swem:star_worm_cobble":7,"minecraft:tall_grass":9,"minecraft:cobblestone":4,"monsters_and_girls:urn_2":1,"minecraft:diorite":1,"minecraft:wall_torch":6,"minecraft:spawner":2,"minecraft:furnace":4,"minecraft:fire":1,"minecraft:iron_ore":2,"treechop:chopped_log":4,"chococraft:gysahl_green":9,"minecraft:grass":17,"minecraft:coal_ore":16,"minecraft:oak_log":2,"minecraft:iron_bars":1,"minecraft:dirt":89,"monsters_and_girls:urn_1":4,"minecraft:stone_bricks":2,"minecraft:stone":208,"minecraft:oak_leaves":3},"minecraft:killed":{"born_in_chaos_v1:maggot":1,"minecraft:skeleton":1,"minecraft:zombie":3,"untamedwilds:bison":1,"minecraft:silverfish":1},"minecraft:picked_up":{"chococraft:loverly_gysahl_green":2,"born_in_chaos_v1:corpse_maggot":2,"swem:timothy_seeds":2,"minecraft:crafting_table":2,"minecraft:ladder":1,"swem:star_worm":4,"minecraft:leather":3,"iceandfire:armor_copper_metal_chestplate":2,"minecraft:wooden_pickaxe":1,"minecraft:smoker":3,"paraglider:spirit_orb":4,"minecraft:oak_log":66,"enderio:broken_spawner":2,"skilltree:gem":2,"minecraft:dirt":161,"minecraft:raw_copper":22,"minecraft:bone":3,"chococraft:gysahl_green":20,"minecraft:apple":1,"minecraft:stone_bricks":3,"minecraft:cracked_stone_bricks":1,"minecraft:wheat_seeds":2,"minecraft:beef":2,"minecraft:stone_pickaxe":2,"minecraft:iron_nugget":3,"minecraft:oak_planks":16,"swem:oat_seeds":2,"jeg:tech_trash":1,"minecraft:furnace":3,"minecraft:stick":15,"minecraft:raw_iron":2,"scalinghealth:heart_crystal_shard":7,"iceandfire:armor_copper_metal_leggings":1,"minecraft:copper_ingot":3,"minecraft:torch":55,"minecraft:porkchop":2,"minecraft:amethyst_shard":3,"chococraft:gysahl_green_seeds":7,"minecraft:diorite":4,"minecraft:carrot":1,"spartanshields:stone_basic_shield":1,"alexsmobs:animal_dictionary":1,"minecraft:rotten_flesh":4,"swem:alfalfa_seeds":8,"minecraft:emerald":11,"minecraft:oak_sapling":24,"minecraft:iron_bars":6,"minecraft:coal":86,"minecraft:cobblestone":246},"minecraft:broken":{"minecraft:stone_pickaxe":1},"minecraft:used":{"minecraft:stone_sword":43,"iceandfire:armor_copper_metal_leggings":1,"minecraft:stone_shovel":56,"minecraft:stone_pickaxe":238,"minecraft:wooden_pickaxe":17,"born_in_chaos_v1:fried_maggot":1,"minecraft:rotten_flesh":3,"minecraft:torch":32,"iceandfire:armor_copper_metal_boots":1,"minecraft:dirt":55,"minecraft:crafting_table":5,"minecraft:smoker":3,"minecraft:oak_log":1,"iceandfire:armor_copper_metal_chestplate":1,"minecraft:apple":1,"spartanshields:stone_basic_shield":22,"minecraft:stone_axe":36,"minecraft:cobblestone":53,"iceandfire:armor_copper_metal_helmet":1,"minecraft:oak_sapling":8,"minecraft:furnace":4,"minecraft:cooked_porkchop":1,"tombstone:gift":2,"chococraft:gysahl_green":16,"minecraft:cooked_beef":3},"minecraft:dropped":{"minecraft:stone_axe":1,"spartanshields:stone_basic_shield":1,"minecraft:cooked_beef":1,"alexsmobs:animal_dictionary":1,"minecraft:stone_sword":2,"minecraft:cooked_porkchop":1,"swem:alfalfa_seeds":4,"iceandfire:armor_copper_metal_chestplate":3,"minecraft:cobblestone":2,"minecraft:rotten_flesh":1,"minecraft:oak_planks":64,"iceandfire:armor_copper_metal_helmet":1,"swem:timothy_seeds":1,"minecraft:torch":27,"born_in_chaos_v1:corpse_maggot":1,"spartanshields:copper_tower_shield":1,"iceandfire:armor_copper_metal_boots":1,"swem:star_worm":4,"minecraft:iron_bars":3,"minecraft:stone_pickaxe":4,"iceandfire:armor_copper_metal_leggings":2,"chococraft:gysahl_green":4},"minecraft:crafted":{"minecraft:cooked_beef":4,"minecraft:smooth_stone":3,"minecraft:oak_planks":60,"minecraft:cobblestone_slab":6,"minecraft:stone_shovel":1,"minecraft:cooked_porkchop":2,"minecraft:crafting_table":2,"spartanshields:wooden_tower_shield":3,"minecraft:wooden_pickaxe":2,"minecraft:furnace":2,"iceandfire:armor_copper_metal_leggings":2,"spartanshields:stone_basic_shield":2,"minecraft:copper_ingot":63,"minecraft:stone":3,"minecraft:stone_axe":2,"spartanshields:stone_tower_shield":1,"iceandfire:armor_copper_metal_helmet":2,"minecraft:air":0,"iceandfire:armor_copper_metal_boots":2,"minecraft:charcoal":3,"spartanshields:copper_tower_shield":2,"minecraft:stick":40,"born_in_chaos_v1:fried_maggot":1,"iceandfire:armor_copper_metal_chestplate":2,"minecraft:stone_pickaxe":5,"minecraft:stone_sword":4,"spartanshields:wooden_basic_shield":2,"minecraft:stone_hoe":1,"minecraft:smoker":1},"minecraft:custom":{"minecraft:interact_with_furnace":33,"minecraft:mob_kills":8,"minecraft:interact_with_crafting_table":34,"minecraft:leave_game":1,"minecraft:time_since_death":20695,"minecraft:climb_one_cm":2108,"minecraft:time_since_rest":16765,"minecraft:sprint_one_cm":107579,"minecraft:damage_taken":3882,"minecraft:walk_one_cm":222747,"minecraft:damage_blocked_by_shield":562,"minecraft:drop":43,"minecraft:damage_dealt":2031,"minecraft:swim_one_cm":1894,"minecraft:fly_one_cm":160022,"minecraft:open_chest":1,"minecraft:crouch_one_cm":8415,"minecraft:play_time":104911,"tombstone:undead_killed":4,"minecraft:deaths":10,"minecraft:sneak_time":5412,"minecraft:walk_under_water_one_cm":1686,"minecraft:jump":1352,"minecraft:walk_on_water_one_cm":1006,"minecraft:total_world_time":104911,"minecraft:interact_with_smoker":18,"minecraft:fall_one_cm":20175},"minecraft:killed_by":{"monsters_and_girls:spook":1,"minecraft:zombie":3}},"DataVersion":3465}