{"stats":{"minecraft:crafted":{"minecraft:stone_shovel":1,"spartanshields:wooden_tower_shield":2,"minecraft:furnace":3,"iceandfire:armor_copper_metal_leggings":1,"minecraft:stone":3,"iceandfire:armor_copper_metal_boots":2,"spartanshields:copper_tower_shield":2,"born_in_chaos_v1:fried_maggot":3,"minecraft:stone_pickaxe":2,"iceandfire:armor_copper_metal_chestplate":1,"minecraft:smoker":1,"minecraft:cooked_cod":10,"minecraft:spruce_planks":4,"minecraft:wooden_pickaxe":1,"minecraft:copper_ingot":35,"minecraft:stone_axe":2,"minecraft:air":71,"justhammers:stone_hammer":1,"minecraft:stick":16,"minecraft:iron_ingot":3,"minecraft:iron_pickaxe":1,"minecraft:stone_sword":2,"minecraft:white_bed":2},"minecraft:custom":{"minecraft:mob_kills":23,"minecraft:interact_with_crafting_table":28,"minecraft:open_barrel":13,"minecraft:damage_dealt_resisted":20,"minecraft:leave_game":1,"minecraft:time_since_death":4207,"minecraft:climb_one_cm":2619,"minecraft:sprint_one_cm":199211,"minecraft:walk_one_cm":267664,"minecraft:damage_blocked_by_shield":1340,"minecraft:drop":21,"minecraft:play_time":113463,"minecraft:deaths":1,"minecraft:sneak_time":9294,"minecraft:walk_under_water_one_cm":23814,"minecraft:jump":1566,"minecraft:walk_on_water_one_cm":25533,"minecraft:total_world_time":113463,"minecraft:interact_with_furnace":30,"spartanshields:shield_bash_hits":1,"minecraft:time_since_rest":1,"minecraft:damage_taken":2407,"minecraft:damage_dealt":4430,"minecraft:swim_one_cm":101904,"minecraft:fly_one_cm":279543,"minecraft:open_chest":15,"minecraft:crouch_one_cm":26010,"tombstone:undead_killed":10,"minecraft:interact_with_smoker":5,"minecraft:fall_one_cm":39793},"minecraft:mined":{"undead_revamp2:arapholia":7,"minecraft:white_bed":1,"iceandfire:silver_ore":2,"monsters_and_girls:ink_cap_mushroom":2,"farmersdelight:wild_carrots":25,"minecraft:granite":39,"minecraft:grass_block":17,"minecraft:spruce_leaves":8,"minecraft:furnace":3,"minecraft:iron_ore":2,"minecraft:andesite":2,"treechop:chopped_log":1,"chococraft:gysahl_green":114,"minecraft:vine":4,"minecraft:lantern":1,"minecraft:stone":157,"minecraft:smoker":1,"minecraft:crafting_table":4,"iceandfire:ghost_chest":2,"minecraft:cobblestone":19,"minecraft:copper_ore":14,"minecraft:tall_grass":4,"minecraft:oak_planks":5,"minecraft:diorite":7,"minecraft:wall_torch":6,"minecraft:sweet_berry_bush":9,"minecraft:grass":14,"minecraft:coal_ore":5,"minecraft:gravel":1,"minecraft:sand":22,"minecraft:dirt":42,"minecraft:cobweb":6,"minecraft:stone_bricks":3,"minecraft:oak_leaves":7,"minecraft:fern":3},"minecraft:killed":{"born_in_chaos_v1:restless_spirit":1,"minecraft:spider":1,"born_in_chaos_v1:maggot":3,"born_in_chaos_v1:decrepit_skeleton":1,"minecraft:sheep":4,"alexsmobs:catfish":1,"minecraft:zombie":8,"born_in_chaos_v1:dread_hound":1,"untamedwilds:bison":1,"minecraft:wither_skeleton":1,"enemyexpansion:wasp":1},"minecraft:picked_up":{"minecraft:fishing_rod":1,"chococraft:loverly_gysahl_green":11,"minecraft:crafting_table":4,"minecraft:potion":1,"minecraft:enchanted_book":1,"iceandfire:manuscript":6,"minecraft:raw_copper":35,"minecraft:string":8,"minecraft:iron_leggings":1,"minecraft:gold_nugget":37,"minecraft:spruce_planks":23,"minecraft:player_head":2,"minecraft:furnace":2,"minecraft:stick":52,"minecraft:raw_iron":5,"iceandfire:ghost_chest":1,"minecraft:copper_ingot":1,"minecraft:torch":6,"monsters_and_girls:monsters_and_girls_changelog":1,"tombstone:grave_dust":2,"minecraft:carrot":20,"monsters_and_girls:ink_cap_mushroom":2,"tombstone:tablet_of_cupidity":1,"iceandfire:silver_ingot":4,"minecraft:rotten_flesh":13,"minecraft:mutton":6,"minecraft:cobblestone":196,"undead_revamp2:arapholia":6,"minecraft:skeleton_skull":2,"minecraft:white_wool":3,"born_in_chaos_v1:corpse_maggot":3,"minecraft:water_bucket":1,"minecraft:leather":7,"iceandfire:ectoplasm":3,"skilltree:gem":5,"minecraft:dirt":31,"minecraft:lantern":1,"tombstone:gift":1,"minecraft:bone":4,"chococraft:gysahl_green":265,"chococraft:gold_gysahl":1,"minecraft:stone_bricks":3,"untamedwilds:material_fat":2,"minecraft:wheat_seeds":1,"minecraft:stone_pickaxe":1,"minecraft:cobweb":5,"minecraft:oak_planks":5,"minecraft:sweet_berries":29,"born_in_chaos_v1:ethereal_spirit":1,"minecraft:sand":11,"chococraft:gysahl_green_seeds":86,"minecraft:spruce_sapling":68,"minecraft:white_bed":1,"minecraft:spruce_log":64,"minecraft:stone_axe":1,"minecraft:granite":49,"minecraft:coal":5},"minecraft:dropped":{"minecraft:water_bucket":1,"minecraft:wheat_seeds":1,"chococraft:loverly_gysahl_green":7,"chococraft:gold_gysahl":1,"iceandfire:armor_copper_metal_chestplate":1,"minecraft:coal":8,"born_in_chaos_v1:monster_flesh":7,"minecraft:torch":21,"iceandfire:armor_copper_metal_boots":1,"minecraft:stone_axe":2,"minecraft:stone_sword":1,"born_in_chaos_v1:ethereal_spirit":1,"born_in_chaos_v1:smoked_flesh":7,"minecraft:white_bed":1,"spartanshields:copper_tower_shield":1,"minecraft:stone_pickaxe":2,"chococraft:gysahl_green":44},"minecraft:used":{"minecraft:stone_sword":111,"minecraft:tropical_fish":6,"alexsmobs:small_catfish_bucket":1,"minecraft:stone_shovel":74,"minecraft:spruce_planks":1,"born_in_chaos_v1:fried_maggot":3,"minecraft:torch":27,"minecraft:dirt":30,"minecraft:lantern":1,"minecraft:stone_bricks":3,"minecraft:sweet_berries":6,"minecraft:furnace":3,"minecraft:cooked_cod":10,"tombstone:gift":2,"minecraft:water_bucket":11,"minecraft:stone_pickaxe":113,"minecraft:oak_planks":3,"minecraft:wooden_pickaxe":3,"minecraft:salmon":7,"minecraft:crafting_table":4,"minecraft:white_bed":1,"minecraft:smoker":1,"chococraft:gysahl_green_seeds":37,"minecraft:iron_pickaxe":139,"spartanshields:copper_tower_shield":29,"justhammers:stone_hammer":20,"minecraft:stone_axe":45,"minecraft:fishing_rod":2,"minecraft:cobblestone":101,"minecraft:bucket":12,"chococraft:gysahl_green":48}},"DataVersion":3465}