{"stats":{"minecraft:used":{"chococraft:gysahl_green_seeds":12,"minecraft:stone_pickaxe":56,"minecraft:wooden_pickaxe":3,"minecraft:stone_axe":9,"minecraft:dirt":5,"minecraft:crafting_table":1,"chococraft:gysahl_green":8},"minecraft:crafted":{"minecraft:spruce_planks":16,"minecraft:stick":9,"minecraft:wooden_pickaxe":1,"minecraft:stone_pickaxe":3,"minecraft:stone_sword":2,"minecraft:stone_axe":2,"minecraft:air":100},"minecraft:custom":{"minecraft:time_since_rest":1,"minecraft:sprint_one_cm":23299,"minecraft:walk_one_cm":28462,"minecraft:damage_taken":715,"minecraft:drop":3,"minecraft:swim_one_cm":9579,"minecraft:interact_with_crafting_table":8,"minecraft:fly_one_cm":70264,"minecraft:crouch_one_cm":1273,"minecraft:play_time":12753,"minecraft:deaths":1,"minecraft:sneak_time":434,"minecraft:walk_under_water_one_cm":5405,"minecraft:jump":212,"minecraft:leave_game":1,"minecraft:walk_on_water_one_cm":2613,"minecraft:time_since_death":4,"minecraft:total_world_time":12753,"minecraft:fall_one_cm":5378},"minecraft:picked_up":{"minecraft:stick":4,"minecraft:crafting_table":1,"minecraft:spruce_sapling":2,"chococraft:gysahl_green_seeds":12,"minecraft:spruce_log":24,"skilltree:gem":2,"minecraft:dirt":5,"minecraft:raw_copper":12,"chococraft:gysahl_green":14,"minecraft:coal":24,"minecraft:cobblestone":32},"minecraft:mined":{"minecraft:spruce_log":2,"treechop:chopped_log":1,"minecraft:crafting_table":1,"chococraft:gysahl_green":1,"minecraft:grass_block":2,"minecraft:coal_ore":24,"minecraft:dirt":3,"minecraft:copper_ore":3,"minecraft:spruce_leaves":5,"minecraft:stone":32,"minecraft:fern":1},"minecraft:killed_by":{"man:managgresive":1},"minecraft:dropped":{"minecraft:stone_axe":1,"minecraft:stone_sword":1,"minecraft:stone_pickaxe":1}},"DataVersion":3465}