{"stats":{"minecraft:killed":{"enemyexpansion:direwolf":1,"minecraft:skeleton":1,"minecraft:pillager":3},"minecraft:picked_up":{"minecraft:crafting_table":6,"chococraft:loverly_gysahl_green":3,"minecraft:wheat":6,"minecraft:anvil":1,"minecraft:smithing_table":1,"enderio:broken_spawner":1,"minecraft:raw_copper":51,"minecraft:cobbled_deepslate":40,"minecraft:beef":3,"minecraft:iron_nugget":1,"minecraft:poppy":2,"minecraft:cherry_button":2,"minecraft:iron_boots":2,"minecraft:furnace":1,"minecraft:stick":4,"minecraft:raw_iron":20,"minecraft:cherry_stairs":1,"minecraft:copper_ingot":10,"minecraft:torch":37,"minecraft:cherry_log":64,"minecraft:carrot":5,"minecraft:stone_sword":2,"swem:alfalfa_seeds":1,"undead_revamp2:arapholia":2,"minecraft:cobblestone":414,"minecraft:pink_petals":6,"minecraft:cherry_planks":45,"minecraft:glow_ink_sac":6,"swem:star_worm":34,"minecraft:smoker":1,"minecraft:potato":1,"paraglider:spirit_orb":2,"minecraft:flint":5,"minecraft:tuff":1,"minecraft:cherry_fence":1,"minecraft:magenta_bed":1,"minecraft:blue_bed":2,"skilltree:gem":16,"minecraft:cherry_door":5,"minecraft:dirt":156,"minecraft:white_banner":2,"chococraft:gysahl_green":73,"chococraft:gold_gysahl":2,"minecraft:wheat_seeds":21,"enderio:wood_gear":1,"minecraft:raw_gold":1,"minecraft:iron_ingot":16,"minecraft:grindstone":1,"minecraft:sweet_berries":55,"minecraft:gravel":26,"chococraft:gysahl_green_seeds":33,"minecraft:spruce_sapling":2,"minecraft:blast_furnace":4,"minecraft:spruce_log":24,"minecraft:purple_bed":3,"minecraft:diamond":2,"minecraft:crossbow":1,"minecraft:cherry_sapling":41,"minecraft:coal":111},"minecraft:dropped":{"minecraft:iron_ingot":16,"rats:cheese":15,"minecraft:wheat_seeds":1,"iceandfire:armor_copper_metal_chestplate":1,"minecraft:stick":23,"minecraft:torch":28,"rats:block_of_cheese":5,"minecraft:iron_leggings":1,"minecraft:white_banner":2,"minecraft:bucket":1,"minecraft:furnace":1,"minecraft:stone_axe":2,"minecraft:sweet_berries":14,"minecraft:stone_sword":4,"minecraft:stone_shovel":1,"minecraft:iron_boots":2,"iceandfire:armor_copper_metal_helmet":1,"justhammers:stone_hammer":1,"spartanshields:copper_tower_shield":1,"minecraft:stone_pickaxe":2},"minecraft:crafted":{"minecraft:smooth_stone":3,"minecraft:stone_shovel":2,"spartanshields:wooden_tower_shield":2,"minecraft:furnace":3,"minecraft:blast_furnace":1,"minecraft:stone":14,"iceandfire:armor_copper_metal_helmet":2,"minecraft:iron_boots":2,"spartanshields:copper_tower_shield":2,"minecraft:cherry_stairs":12,"iceandfire:armor_copper_metal_chestplate":2,"minecraft:stone_pickaxe":6,"minecraft:chest":16,"minecraft:dark_oak_planks":10,"minecraft:cherry_fence":8,"minecraft:cooked_cod":6,"minecraft:spruce_planks":16,"minecraft:wooden_pickaxe":2,"minecraft:cherry_button":2,"minecraft:copper_ingot":29,"minecraft:bucket":2,"minecraft:stone_axe":4,"minecraft:air":265,"justhammers:stone_hammer":2,"minecraft:stick":39,"minecraft:iron_ingot":28,"minecraft:iron_pickaxe":1,"minecraft:stone_sword":4,"minecraft:iron_leggings":2,"minecraft:cherry_door":6,"minecraft:gold_ingot":1},"minecraft:custom":{"minecraft:interact_with_smithing_table":2,"minecraft:mob_kills":7,"minecraft:animals_bred":1,"minecraft:interact_with_crafting_table":54,"minecraft:open_barrel":3,"minecraft:leave_game":1,"minecraft:time_since_death":118462,"minecraft:climb_one_cm":3538,"minecraft:sprint_one_cm":210124,"minecraft:walk_one_cm":455788,"minecraft:drop":28,"minecraft:play_time":131211,"minecraft:deaths":1,"minecraft:sneak_time":5716,"minecraft:walk_under_water_one_cm":36578,"minecraft:jump":1504,"minecraft:interact_with_blast_furnace":28,"minecraft:walk_on_water_one_cm":22746,"minecraft:total_world_time":131211,"minecraft:interact_with_furnace":10,"tombstone:raider_killed":3,"minecraft:pot_flower":1,"minecraft:interact_with_grindstone":2,"minecraft:sleep_in_bed":8,"minecraft:time_since_rest":9947,"minecraft:damage_taken":2472,"minecraft:damage_dealt":1780,"minecraft:fly_one_cm":260493,"minecraft:swim_one_cm":12113,"minecraft:open_chest":166,"minecraft:crouch_one_cm":11976,"tombstone:undead_killed":1,"minecraft:interact_with_smoker":10,"minecraft:fall_one_cm":47190},"minecraft:mined":{"undead_revamp2:arapholia":3,"minecraft:tuff":1,"minecraft:deepslate_diamond_ore":2,"farmersdelight:wild_carrots":5,"minecraft:grass_block":22,"minecraft:spruce_leaves":14,"minecraft:spawner":1,"minecraft:furnace":1,"minecraft:iron_ore":1,"minecraft:fire":2,"treechop:chopped_log":1,"minecraft:anvil":1,"minecraft:bell":1,"chococraft:gysahl_green":24,"minecraft:potatoes":1,"minecraft:deepslate_iron_ore":3,"minecraft:stone":204,"minecraft:cherry_stairs":1,"minecraft:smithing_table":1,"minecraft:cherry_planks":3,"minecraft:smoker":1,"minecraft:crafting_table":6,"minecraft:torch":8,"minecraft:blast_furnace":4,"minecraft:poppy":2,"minecraft:copper_ore":4,"swem:star_worm_cobble":8,"minecraft:tall_grass":3,"minecraft:cobblestone":29,"minecraft:deepslate_gold_ore":1,"minecraft:grindstone":1,"minecraft:wall_torch":18,"minecraft:blue_bed":2,"minecraft:pink_petals":2,"minecraft:cherry_fence":1,"minecraft:purple_bed":3,"minecraft:wheat":8,"minecraft:sweet_berry_bush":21,"minecraft:magenta_bed":1,"minecraft:spruce_log":2,"minecraft:cherry_door":3,"minecraft:pumpkin_stem":1,"minecraft:grass":8,"minecraft:coal_ore":59,"minecraft:cherry_button":2,"minecraft:gravel":31,"minecraft:dirt":37,"minecraft:oak_leaves":7,"minecraft:deepslate":4,"minecraft:fern":2},"minecraft:used":{"minecraft:stone_sword":12,"minecraft:stone_shovel":84,"minecraft:poppy":1,"minecraft:chest":16,"minecraft:torch":66,"minecraft:dirt":94,"minecraft:carrot":1,"minecraft:cherry_button":4,"minecraft:sweet_berries":68,"minecraft:furnace":2,"minecraft:cooked_cod":6,"minecraft:cobbled_deepslate":16,"minecraft:cherry_fence":10,"minecraft:water_bucket":2,"minecraft:stone_pickaxe":288,"minecraft:wooden_pickaxe":6,"minecraft:cherry_planks":31,"minecraft:blue_bed":2,"minecraft:crafting_table":5,"minecraft:blast_furnace":4,"minecraft:cherry_door":9,"chococraft:gysahl_green_seeds":33,"minecraft:bread":1,"minecraft:iron_pickaxe":16,"minecraft:gravel":1,"justhammers:stone_hammer":51,"rats:cheese":21,"minecraft:stone_axe":38,"minecraft:cobblestone":109,"minecraft:cherry_stairs":11,"minecraft:purple_bed":3,"minecraft:grindstone":1,"useless_sword:ravager_sword":30,"minecraft:smithing_table":1,"minecraft:bucket":3,"chococraft:gysahl_green":8},"minecraft:killed_by":{"man:managgresive":1},"minecraft:broken":{"minecraft:stone_pickaxe":1}},"DataVersion":3465}