{"stats":{"minecraft:mined":{"born_in_chaos_v1:marigolds":1,"minecraft:smoker":1,"minecraft:crafting_table":2,"minecraft:grass_block":14,"swem:star_worm_cobble":7,"minecraft:tall_grass":2,"minecraft:cobblestone":2,"monsters_and_girls:urn_2":1,"minecraft:spawner":2,"minecraft:furnace":2,"minecraft:fire":1,"minecraft:iron_ore":1,"treechop:chopped_log":4,"minecraft:grass":8,"minecraft:coal_ore":4,"minecraft:oak_log":2,"minecraft:iron_bars":1,"minecraft:dirt":40,"monsters_and_girls:urn_1":4,"minecraft:stone_bricks":2,"minecraft:stone":123,"minecraft:oak_leaves":3},"minecraft:killed":{"born_in_chaos_v1:maggot":1,"minecraft:skeleton":1,"minecraft:zombie":3,"minecraft:silverfish":1},"minecraft:picked_up":{"born_in_chaos_v1:corpse_maggot":2,"swem:timothy_seeds":2,"minecraft:crafting_table":2,"swem:star_worm":4,"minecraft:wooden_pickaxe":1,"minecraft:smoker":1,"paraglider:spirit_orb":4,"minecraft:oak_log":66,"enderio:broken_spawner":2,"skilltree:gem":2,"minecraft:dirt":93,"minecraft:apple":1,"minecraft:stone_bricks":2,"minecraft:stone_pickaxe":1,"minecraft:iron_nugget":3,"swem:oat_seeds":2,"minecraft:furnace":2,"minecraft:stick":10,"minecraft:raw_iron":1,"scalinghealth:heart_crystal_shard":7,"minecraft:porkchop":2,"minecraft:amethyst_shard":3,"minecraft:carrot":1,"minecraft:rotten_flesh":4,"swem:alfalfa_seeds":6,"minecraft:emerald":11,"minecraft:oak_sapling":23,"minecraft:iron_bars":1,"minecraft:coal":29,"minecraft:cobblestone":151},"minecraft:used":{"minecraft:stone_sword":25,"minecraft:stone_shovel":27,"minecraft:stone_pickaxe":132,"minecraft:wooden_pickaxe":17,"born_in_chaos_v1:fried_maggot":1,"minecraft:rotten_flesh":3,"minecraft:torch":6,"minecraft:dirt":13,"minecraft:crafting_table":3,"minecraft:smoker":1,"minecraft:oak_log":1,"minecraft:apple":1,"spartanshields:stone_basic_shield":22,"minecraft:stone_axe":18,"minecraft:cobblestone":32,"minecraft:oak_sapling":8,"minecraft:furnace":2,"minecraft:cooked_porkchop":1,"tombstone:gift":2},"minecraft:dropped":{"minecraft:stone_axe":1,"spartanshields:stone_basic_shield":1,"minecraft:stone_sword":2,"minecraft:cooked_porkchop":1,"swem:alfalfa_seeds":4,"minecraft:cobblestone":2,"swem:timothy_seeds":1,"minecraft:torch":3,"swem:star_worm":4,"minecraft:stone_pickaxe":4},"minecraft:crafted":{"minecraft:oak_planks":4,"minecraft:cobblestone_slab":6,"minecraft:stone_shovel":1,"minecraft:cooked_porkchop":2,"minecraft:crafting_table":2,"minecraft:wooden_pickaxe":2,"minecraft:furnace":2,"spartanshields:stone_basic_shield":2,"minecraft:stone_axe":2,"minecraft:air":0,"minecraft:charcoal":3,"minecraft:stick":40,"born_in_chaos_v1:fried_maggot":1,"minecraft:stone_pickaxe":5,"minecraft:stone_sword":4,"spartanshields:wooden_basic_shield":2,"minecraft:stone_hoe":1,"minecraft:smoker":1},"minecraft:custom":{"minecraft:interact_with_furnace":14,"minecraft:mob_kills":6,"minecraft:interact_with_crafting_table":20,"minecraft:leave_game":1,"minecraft:time_since_death":4831,"minecraft:time_since_rest":3409,"minecraft:sprint_one_cm":52292,"minecraft:damage_taken":2363,"minecraft:walk_one_cm":124521,"minecraft:damage_blocked_by_shield":562,"minecraft:drop":22,"minecraft:damage_dealt":998,"minecraft:fly_one_cm":78323,"minecraft:crouch_one_cm":5654,"minecraft:play_time":56911,"tombstone:undead_killed":4,"minecraft:deaths":7,"minecraft:sneak_time":2670,"minecraft:jump":577,"minecraft:walk_on_water_one_cm":643,"minecraft:total_world_time":56911,"minecraft:interact_with_smoker":8,"minecraft:fall_one_cm":9634},"minecraft:killed_by":{"monsters_and_girls:spook":1,"minecraft:zombie":2}},"DataVersion":3465}