{"stats":{"minecraft:killed":{"enemyexpansion:direwolf":1,"minecraft:pillager":1},"minecraft:dropped":{"minecraft:furnace":1,"minecraft:stone_axe":2,"minecraft:stone_sword":3,"minecraft:stone_shovel":1,"minecraft:iron_boots":1,"justhammers:stone_hammer":1,"minecraft:torch":20,"rats:block_of_cheese":5,"minecraft:white_banner":2,"minecraft:stone_pickaxe":2},"minecraft:picked_up":{"chococraft:loverly_gysahl_green":3,"minecraft:pink_petals":6,"minecraft:crafting_table":4,"minecraft:wheat":6,"minecraft:cherry_planks":45,"swem:star_worm":34,"minecraft:smithing_table":1,"minecraft:smoker":1,"minecraft:potato":1,"minecraft:flint":5,"minecraft:cherry_fence":1,"minecraft:cherry_door":5,"minecraft:dirt":156,"skilltree:gem":11,"minecraft:blue_bed":2,"minecraft:white_banner":2,"minecraft:raw_copper":12,"chococraft:gysahl_green":73,"chococraft:gold_gysahl":2,"minecraft:wheat_seeds":19,"minecraft:beef":3,"minecraft:grindstone":1,"minecraft:iron_nugget":1,"minecraft:poppy":2,"minecraft:cherry_button":2,"minecraft:iron_boots":1,"minecraft:furnace":1,"minecraft:stick":4,"minecraft:cherry_stairs":1,"minecraft:sweet_berries":55,"minecraft:torch":27,"minecraft:gravel":26,"minecraft:cherry_log":64,"minecraft:spruce_sapling":2,"chococraft:gysahl_green_seeds":33,"minecraft:blast_furnace":1,"minecraft:spruce_log":24,"minecraft:carrot":5,"minecraft:stone_sword":1,"minecraft:purple_bed":3,"minecraft:crossbow":1,"swem:alfalfa_seeds":1,"minecraft:cherry_sapling":41,"minecraft:coal":66,"undead_revamp2:arapholia":2,"minecraft:cobblestone":390},"minecraft:crafted":{"minecraft:cooked_cod":6,"minecraft:smooth_stone":3,"minecraft:stone_shovel":2,"minecraft:spruce_planks":16,"minecraft:wooden_pickaxe":2,"minecraft:cherry_button":2,"minecraft:furnace":3,"minecraft:blast_furnace":1,"minecraft:stone":14,"minecraft:stone_axe":4,"minecraft:air":239,"justhammers:stone_hammer":2,"minecraft:stick":39,"minecraft:iron_pickaxe":1,"minecraft:cherry_stairs":12,"minecraft:stone_pickaxe":6,"minecraft:stone_sword":4,"minecraft:chest":16,"minecraft:cherry_door":6,"minecraft:cherry_fence":8},"minecraft:custom":{"minecraft:interact_with_smithing_table":2,"minecraft:interact_with_furnace":10,"minecraft:mob_kills":3,"minecraft:animals_bred":1,"tombstone:raider_killed":1,"minecraft:interact_with_crafting_table":40,"minecraft:open_barrel":2,"minecraft:pot_flower":1,"minecraft:interact_with_grindstone":2,"minecraft:leave_game":1,"minecraft:time_since_death":94462,"minecraft:sleep_in_bed":6,"minecraft:climb_one_cm":3538,"minecraft:time_since_rest":1716,"minecraft:sprint_one_cm":178444,"minecraft:damage_taken":1275,"minecraft:walk_one_cm":412942,"minecraft:drop":15,"minecraft:damage_dealt":895,"minecraft:swim_one_cm":11476,"minecraft:fly_one_cm":203020,"minecraft:open_chest":165,"minecraft:crouch_one_cm":9490,"minecraft:play_time":107211,"minecraft:deaths":1,"minecraft:sneak_time":3844,"minecraft:walk_under_water_one_cm":5668,"minecraft:jump":1095,"minecraft:walk_on_water_one_cm":3029,"minecraft:interact_with_smoker":10,"minecraft:total_world_time":107211,"minecraft:fall_one_cm":32554},"minecraft:mined":{"undead_revamp2:arapholia":3,"minecraft:smithing_table":1,"minecraft:cherry_planks":3,"minecraft:smoker":1,"farmersdelight:wild_carrots":5,"minecraft:crafting_table":4,"minecraft:torch":7,"minecraft:blast_furnace":1,"minecraft:grass_block":22,"minecraft:poppy":2,"minecraft:tall_grass":1,"swem:star_worm_cobble":8,"minecraft:copper_ore":3,"minecraft:cobblestone":28,"minecraft:spruce_leaves":14,"minecraft:grindstone":1,"minecraft:blue_bed":2,"minecraft:wall_torch":18,"minecraft:pink_petals":1,"minecraft:cherry_fence":1,"minecraft:purple_bed":3,"minecraft:furnace":1,"minecraft:wheat":8,"minecraft:sweet_berry_bush":21,"minecraft:spruce_log":2,"minecraft:cherry_door":3,"minecraft:pumpkin_stem":1,"treechop:chopped_log":1,"minecraft:bell":1,"minecraft:grass":7,"chococraft:gysahl_green":24,"minecraft:potatoes":1,"minecraft:coal_ore":59,"minecraft:cherry_button":2,"minecraft:gravel":31,"minecraft:dirt":37,"minecraft:stone":203,"minecraft:cherry_stairs":1,"minecraft:oak_leaves":7,"minecraft:fern":2},"minecraft:used":{"minecraft:stone_sword":12,"minecraft:stone_shovel":84,"minecraft:stone_pickaxe":288,"minecraft:poppy":1,"minecraft:chest":16,"minecraft:wooden_pickaxe":6,"minecraft:cherry_planks":31,"minecraft:blue_bed":2,"minecraft:torch":58,"minecraft:dirt":94,"minecraft:crafting_table":3,"minecraft:carrot":1,"minecraft:blast_furnace":1,"minecraft:cherry_door":9,"chococraft:gysahl_green_seeds":33,"minecraft:bread":1,"minecraft:cherry_button":4,"justhammers:stone_hammer":32,"minecraft:gravel":1,"rats:cheese":10,"minecraft:stone_axe":33,"minecraft:cobblestone":89,"minecraft:cherry_stairs":11,"minecraft:sweet_berries":40,"minecraft:purple_bed":3,"minecraft:grindstone":1,"useless_sword:ravager_sword":21,"minecraft:furnace":2,"minecraft:cooked_cod":4,"minecraft:smithing_table":1,"chococraft:gysahl_green":8,"minecraft:cherry_fence":10},"minecraft:killed_by":{"man:managgresive":1},"minecraft:broken":{"minecraft:stone_pickaxe":1}},"DataVersion":3465}