{"stats":{"minecraft:picked_up":{"chococraft:loverly_gysahl_green":4,"minecraft:crafting_table":6,"minecraft:andesite":4,"swem:star_worm":13,"minecraft:potion":1,"minecraft:oak_log":9,"iceandfire:ectoplasm":1,"skilltree:gem":18,"iceandfire:manuscript":5,"minecraft:dirt":52,"minecraft:bone":3,"chococraft:gysahl_green":88,"ecologics:walnut_sapling":3,"iceandfire:graveyard_soil":1,"chococraft:gold_gysahl":1,"minecraft:wheat_seeds":2,"minecraft:spruce_planks":2,"minecraft:iron_ingot":3,"minecraft:cobweb":4,"minecraft:calcite":2,"minecraft:cyan_candle":1,"minecraft:oak_planks":9,"minecraft:dark_oak_stairs":1,"minecraft:furnace":3,"minecraft:stick":18,"minecraft:raw_iron":3,"iceandfire:ghost_chest":1,"ecologics:walnut_log":1,"minecraft:torch":3,"minecraft:mangrove_sign":1,"chococraft:gysahl_green_seeds":28,"tombstone:grave_dust":2,"minecraft:diorite":1,"monsters_and_girls:ink_cap_mushroom":1,"minecraft:mangrove_trapdoor":2,"minecraft:dark_oak_planks":1,"minecraft:rotten_flesh":1,"swem:alfalfa_seeds":3,"minecraft:stripped_dark_oak_wood":5,"minecraft:gold_ingot":2,"minecraft:oak_sapling":8,"undead_revamp2:arapholia":2,"minecraft:coal":85,"iceandfire:raw_silver":4,"minecraft:cobblestone":241},"minecraft:crafted":{"minecraft:smooth_stone":3,"minecraft:oak_planks":20,"minecraft:wooden_pickaxe":1,"minecraft:furnace":2,"minecraft:stone":3,"minecraft:stone_axe":1,"minecraft:air":0,"minecraft:stick":16,"minecraft:iron_ingot":2,"minecraft:stone_pickaxe":4,"minecraft:stone_sword":1},"minecraft:used":{"minecraft:calcite":2,"minecraft:dark_oak_stairs":1,"minecraft:stone_sword":11,"minecraft:cyan_candle":1,"minecraft:stone_pickaxe":238,"minecraft:oak_planks":5,"minecraft:wooden_pickaxe":3,"minecraft:torch":27,"minecraft:crafting_table":7,"minecraft:mangrove_sign":1,"minecraft:stone_axe":5,"minecraft:cobblestone":135,"minecraft:andesite":2,"tombstone:gift":2,"chococraft:gysahl_green":39},"minecraft:dropped":{"minecraft:mangrove_trapdoor":2,"minecraft:raw_iron":1,"minecraft:cobblestone":1,"ecologics:walnut_sapling":3,"chococraft:gysahl_green_seeds":11,"minecraft:coal":1,"minecraft:torch":15,"minecraft:andesite":2,"swem:star_worm":13,"minecraft:stone_pickaxe":2},"minecraft:killed_by":{"minecraft:husk":2,"minecraft:zombie":2},"minecraft:killed":{"minecraft:zombie":3},"minecraft:broken":{"minecraft:stone_pickaxe":1},"minecraft:mined":{"undead_revamp2:arapholia":2,"iceandfire:silver_ore":2,"monsters_and_girls:ink_cap_mushroom":1,"minecraft:crafting_table":7,"minecraft:torch":1,"minecraft:grass_block":8,"iceandfire:ghost_chest":1,"minecraft:tall_grass":1,"minecraft:cobblestone":12,"minecraft:diorite":1,"minecraft:wall_torch":1,"minecraft:furnace":3,"minecraft:iron_ore":1,"minecraft:andesite":4,"treechop:chopped_log":2,"minecraft:stripped_dark_oak_wood":2,"minecraft:grass":10,"chococraft:gysahl_green":35,"minecraft:coal_ore":91,"minecraft:vine":1,"minecraft:dirt":14,"minecraft:stone":127},"minecraft:custom":{"minecraft:interact_with_furnace":19,"minecraft:mob_kills":4,"minecraft:interact_with_crafting_table":20,"minecraft:leave_game":2,"minecraft:time_since_death":7741,"minecraft:climb_one_cm":200,"minecraft:time_since_rest":6127,"minecraft:sprint_one_cm":131134,"minecraft:damage_taken":2962,"minecraft:walk_one_cm":161544,"minecraft:drop":16,"minecraft:damage_dealt":473,"minecraft:swim_one_cm":86416,"minecraft:fly_one_cm":124137,"minecraft:crouch_one_cm":5511,"minecraft:play_time":79720,"tombstone:undead_killed":3,"minecraft:deaths":8,"minecraft:sneak_time":3832,"minecraft:walk_under_water_one_cm":33603,"minecraft:jump":1022,"minecraft:walk_on_water_one_cm":18270,"minecraft:total_world_time":79720,"minecraft:fall_one_cm":15613}},"DataVersion":3465}