{"stats":{"minecraft:picked_up":{"swem:alfalfa_seeds":1},"minecraft:killed_by":{"minecraft:skeleton":1},"minecraft:custom":{"minecraft:jump":67,"minecraft:time_since_rest":6502,"minecraft:crouch_one_cm":9,"minecraft:damage_dealt":9,"minecraft:damage_taken":538,"minecraft:leave_game":3,"minecraft:sprint_one_cm":6620,"minecraft:play_time":13613,"minecraft:walk_one_cm":5181,"minecraft:time_since_death":7273,"minecraft:deaths":2,"minecraft:sneak_time":220,"minecraft:total_world_time":13613,"minecraft:fall_one_cm":211,"minecraft:fly_one_cm":37312}},"DataVersion":3465}