{"stats":{"minecraft:picked_up":{"tombstone:grave_key":2,"minecraft:arrow":5,"minecraft:dirt":5},"minecraft:mined":{"minecraft:grass":1,"minecraft:grass_block":2,"minecraft:dirt":3},"minecraft:used":{"minecraft:dirt":1},"minecraft:dropped":{"tombstone:grave_key":2,"minecraft:arrow":4},"minecraft:custom":{"minecraft:jump":23,"minecraft:time_since_rest":318,"minecraft:damage_taken":255,"minecraft:leave_game":4,"minecraft:sprint_one_cm":343,"minecraft:play_time":6682,"minecraft:walk_one_cm":3864,"minecraft:time_since_death":2717,"minecraft:deaths":1,"minecraft:total_world_time":6682,"minecraft:drop":6,"minecraft:fall_one_cm":674,"minecraft:fly_one_cm":535}},"DataVersion":3465}