{"stats":{"minecraft:picked_up":{"swem:alfalfa_seeds":2},"minecraft:killed_by":{"minecraft:skeleton":1},"minecraft:dropped":{"swem:alfalfa_seeds":1},"minecraft:used":{"tombstone:gift":2,"minecraft:sand":28},"minecraft:custom":{"minecraft:jump":90,"minecraft:time_since_rest":18796,"minecraft:damage_taken":538,"minecraft:damage_dealt":9,"minecraft:crouch_one_cm":9,"minecraft:leave_game":6,"minecraft:sprint_one_cm":9931,"minecraft:play_time":25907,"minecraft:walk_one_cm":9022,"minecraft:time_since_death":19567,"minecraft:deaths":2,"minecraft:sneak_time":220,"minecraft:total_world_time":25907,"minecraft:drop":1,"minecraft:fall_one_cm":211,"minecraft:fly_one_cm":40693}},"DataVersion":3465}