{"stats":{"minecraft:picked_up":{"minecraft:stick":4,"minecraft:crafting_table":3,"minecraft:wheat":6,"minecraft:sweet_berries":34,"swem:star_worm":12,"minecraft:torch":1,"minecraft:potato":1,"chococraft:gysahl_green_seeds":19,"minecraft:spruce_sapling":2,"minecraft:carrot":5,"minecraft:spruce_log":24,"minecraft:blue_bed":1,"skilltree:gem":9,"minecraft:dirt":7,"minecraft:raw_copper":12,"minecraft:purple_bed":1,"chococraft:gysahl_green":30,"chococraft:gold_gysahl":1,"minecraft:wheat_seeds":17,"minecraft:poppy":2,"undead_revamp2:arapholia":2,"minecraft:coal":51,"minecraft:cobblestone":115},"minecraft:dropped":{"minecraft:furnace":1,"minecraft:stone_axe":2,"minecraft:stone_sword":2,"minecraft:stone_shovel":1,"rats:block_of_cheese":5,"minecraft:stone_pickaxe":2},"minecraft:crafted":{"minecraft:stone_shovel":2,"minecraft:spruce_planks":16,"minecraft:stick":22,"minecraft:wooden_pickaxe":2,"minecraft:stone_pickaxe":5,"minecraft:furnace":2,"minecraft:stone_sword":4,"minecraft:stone_axe":4,"minecraft:air":140},"minecraft:custom":{"minecraft:time_since_rest":22459,"minecraft:sprint_one_cm":69195,"minecraft:damage_taken":865,"minecraft:walk_one_cm":109589,"minecraft:drop":9,"minecraft:swim_one_cm":11476,"minecraft:interact_with_crafting_table":15,"minecraft:fly_one_cm":122557,"minecraft:open_chest":4,"minecraft:crouch_one_cm":2765,"minecraft:play_time":35211,"minecraft:deaths":1,"minecraft:sneak_time":913,"minecraft:walk_under_water_one_cm":5668,"minecraft:jump":589,"minecraft:time_since_death":22462,"minecraft:leave_game":1,"minecraft:walk_on_water_one_cm":3029,"minecraft:total_world_time":35211,"minecraft:fall_one_cm":18029},"minecraft:mined":{"undead_revamp2:arapholia":3,"minecraft:purple_bed":1,"minecraft:wheat":8,"minecraft:sweet_berry_bush":15,"farmersdelight:wild_carrots":5,"minecraft:spruce_log":2,"minecraft:pumpkin_stem":1,"treechop:chopped_log":1,"minecraft:crafting_table":3,"minecraft:grass":2,"minecraft:potatoes":1,"chococraft:gysahl_green":9,"minecraft:grass_block":4,"minecraft:coal_ore":51,"minecraft:poppy":2,"minecraft:dirt":3,"swem:star_worm_cobble":3,"minecraft:copper_ore":3,"minecraft:cobblestone":8,"minecraft:spruce_leaves":14,"minecraft:stone":107,"minecraft:wall_torch":1,"minecraft:oak_leaves":7,"minecraft:blue_bed":1,"minecraft:fern":2},"minecraft:used":{"chococraft:gysahl_green_seeds":19,"minecraft:poppy":1,"minecraft:stone_pickaxe":166,"minecraft:wooden_pickaxe":6,"rats:cheese":10,"minecraft:torch":5,"minecraft:stone_axe":10,"minecraft:dirt":7,"minecraft:cobblestone":24,"minecraft:sweet_berries":1,"minecraft:crafting_table":3,"chococraft:gysahl_green":8},"minecraft:killed_by":{"man:managgresive":1}},"DataVersion":3465}