{"stats":{"minecraft:custom":{"minecraft:jump":50,"minecraft:time_since_rest":2818,"minecraft:waystone_activated":1,"minecraft:leave_game":1,"minecraft:sprint_one_cm":4725,"minecraft:play_time":2818,"minecraft:damage_taken":80,"minecraft:time_since_death":2818,"minecraft:walk_one_cm":4212,"minecraft:total_world_time":2818,"minecraft:fall_one_cm":1672,"minecraft:drop":4,"minecraft:fly_one_cm":11688},"minecraft:dropped":{"alexsmobs:animal_dictionary":1,"man:cassette_1safetyinstructions":1,"monsters_and_girls:monsters_and_girls_changelog":1,"patchouli:guide_book":1}},"DataVersion":3465}