{"stats":{"minecraft:used":{"minecraft:stone_sword":28,"minecraft:melon_slice":3,"minecraft:stone_shovel":15,"minecraft:stone_pickaxe":110,"minecraft:wooden_pickaxe":6,"tombstone:grave_key":2,"minecraft:torch":17,"minecraft:stone_axe":15,"minecraft:dirt":21,"minecraft:cobblestone":1,"minecraft:crafting_table":3,"minecraft:furnace":2,"tombstone:gift":3,"chococraft:gysahl_green":28,"minecraft:smooth_stone":1},"minecraft:crafted":{"minecraft:smooth_stone":3,"minecraft:stone_shovel":2,"minecraft:iron_ingot":7,"minecraft:wooden_pickaxe":1,"minecraft:stone_pickaxe":2,"minecraft:stone_sword":2,"minecraft:furnace":2,"minecraft:stone":3,"minecraft:stone_hoe":1,"minecraft:stone_axe":2,"minecraft:air":4},"minecraft:dropped":{"minecraft:stone_axe":3,"minecraft:stone_sword":3,"minecraft:torch":16,"minecraft:stone_shovel":1,"minecraft:stone_pickaxe":2,"minecraft:smooth_stone":1,"chococraft:gysahl_green":50},"minecraft:picked_up":{"chococraft:loverly_gysahl_green":5,"minecraft:raw_iron":7,"minecraft:stick":17,"minecraft:crafting_table":2,"minecraft:torch":3,"minecraft:oak_log":28,"chococraft:gysahl_green_seeds":19,"skilltree:gem":3,"minecraft:dirt":29,"minecraft:stone_sword":2,"minecraft:bone":1,"chococraft:gysahl_green":78,"minecraft:stone_axe":2,"minecraft:wheat_seeds":1,"minecraft:smooth_stone":2,"swem:alfalfa_seeds":3,"minecraft:stone_pickaxe":1,"minecraft:oak_sapling":22,"minecraft:melon_slice":17,"minecraft:coal":20,"minecraft:cobblestone":84},"minecraft:custom":{"minecraft:time_since_rest":364,"minecraft:interact_with_furnace":14,"minecraft:sprint_one_cm":28451,"minecraft:walk_one_cm":76070,"minecraft:damage_taken":2056,"minecraft:mob_kills":1,"minecraft:drop":61,"minecraft:damage_dealt":427,"minecraft:swim_one_cm":30019,"minecraft:interact_with_crafting_table":8,"minecraft:fly_one_cm":39250,"minecraft:open_chest":1,"minecraft:crouch_one_cm":1871,"minecraft:play_time":38698,"tombstone:undead_killed":1,"minecraft:deaths":3,"minecraft:sneak_time":786,"minecraft:walk_under_water_one_cm":2585,"minecraft:jump":284,"minecraft:walk_on_water_one_cm":6459,"minecraft:time_since_death":677,"minecraft:total_world_time":38698,"minecraft:fall_one_cm":10952},"minecraft:mined":{"minecraft:smooth_stone":1,"minecraft:iron_ore":6,"minecraft:torch":1,"treechop:chopped_log":1,"minecraft:crafting_table":2,"minecraft:melon":5,"chococraft:gysahl_green":22,"minecraft:grass":8,"minecraft:coal_ore":20,"minecraft:grass_block":5,"minecraft:dirt":26,"minecraft:cobblestone":1,"minecraft:stone":84,"minecraft:wall_torch":1,"minecraft:fern":1},"minecraft:killed":{"undead_revamp2:theswarmer":1}},"DataVersion":3465}