{"stat.useItem.minecraft.splash_potion":1,"stat.walkOneCm":42818,"stat.leaveGame":1,"stat.useItem.minecraft.glass_bottle":4,"stat.useItem.minecraft.potion":4,"stat.jump":439,"stat.swimOneCm":8148,"stat.fallOneCm":15464,"stat.crouchOneCm":488,"stat.pickup.minecraft.dirt":8,"stat.useItem.minecraft.dirt":6,"stat.sprintOneCm":13484,"stat.useItem.minecraft.stone_slab2":2,"stat.useItem.cannibalism.playerflesh":9,"stat.pickup.minecraft.apple":1,"stat.useItem.minecraft.egg":26,"stat.entityKilledBy.mocreatures:grizzlybear":2,"stat.damageTaken":1825,"stat.pickup.cannibalism.playerflesh":13,"stat.useItem.minecraft.lingering_potion":1,"stat.mobKills":3,"stat.pickup.zawa.reptile_hide":1,"stat.flyOneCm":75541,"stat.deaths":5,"stat.drop":2,"stat.mineBlock.minecraft.leaves":6,"stat.pickup.minecraft.egg":1,"stat.playOneMinute":17416,"stat.drop.tombstone.grave_key":1,"stat.killEntity.Sheep":1,"stat.pickup.tombstone.grave_key":1,"stat.sneakTime":260,"stat.pickup.minecraft.wool":1,"stat.damageDealt":567,"stat.pickup.zawa.care_guide":1,"stat.timeSinceDeath":3632,"stat.drop.minecraft.torch":1,"stat.mineBlock.minecraft.dirt":8,"stat.mineBlock.minecraft.tallgrass":7,"stat.diveOneCm":7245,"stat.pickup.minecraft.mutton":2}