{"stats":{"minecraft:mined":{"minecraft:grass_block":23,"minecraft:spawner":2,"minecraft:furnace":4,"minecraft:iron_ore":2,"minecraft:fire":1,"treechop:chopped_log":4,"chococraft:gysahl_green":14,"minecraft:bookshelf":15,"minecraft:iron_bars":1,"monsters_and_girls:urn_1":4,"minecraft:stone":208,"born_in_chaos_v1:marigolds":1,"minecraft:smoker":4,"minecraft:crafting_table":2,"minecraft:torch":1,"minecraft:cobblestone":4,"minecraft:tall_grass":9,"swem:star_worm_cobble":7,"minecraft:copper_ore":1,"monsters_and_girls:urn_2":1,"minecraft:diorite":1,"minecraft:wall_torch":6,"minecraft:black_bed":1,"minecraft:grass":17,"minecraft:oak_log":2,"minecraft:coal_ore":16,"minecraft:dirt":91,"minecraft:stone_bricks":2,"minecraft:oak_leaves":3},"minecraft:killed":{"born_in_chaos_v1:maggot":1,"minecraft:skeleton":1,"minecraft:silverfish":1,"minecraft:zombie":3,"born_in_chaos_v1:corpse_fly":4,"untamedwilds:bison":1},"minecraft:broken":{"minecraft:stone_pickaxe":1},"minecraft:picked_up":{"minecraft:crafting_table":2,"chococraft:loverly_gysahl_green":2,"minecraft:ladder":1,"minecraft:wooden_pickaxe":1,"iceandfire:armor_copper_metal_chestplate":2,"enderio:broken_spawner":2,"minecraft:raw_copper":22,"minecraft:cracked_stone_bricks":1,"minecraft:beef":2,"minecraft:iron_nugget":3,"minecraft:furnace":3,"minecraft:raw_iron":2,"minecraft:stick":15,"iceandfire:armor_copper_metal_leggings":1,"minecraft:copper_ingot":3,"minecraft:torch":55,"minecraft:porkchop":2,"minecraft:diorite":4,"minecraft:carrot":1,"spartanshields:stone_basic_shield":1,"minecraft:rotten_flesh":5,"swem:alfalfa_seeds":8,"minecraft:iron_bars":6,"minecraft:cobblestone":246,"born_in_chaos_v1:corpse_maggot":7,"swem:timothy_seeds":2,"swem:star_worm":4,"minecraft:black_bed":2,"minecraft:leather":3,"minecraft:smoker":4,"paraglider:spirit_orb":4,"minecraft:oak_log":66,"skilltree:gem":2,"minecraft:dirt":163,"minecraft:bone":3,"chococraft:gysahl_green":34,"minecraft:apple":1,"minecraft:stone_bricks":3,"minecraft:wheat_seeds":2,"minecraft:stone_pickaxe":2,"swem:oat_seeds":2,"minecraft:oak_planks":19,"jeg:tech_trash":1,"minecraft:book":45,"scalinghealth:heart_crystal_shard":7,"minecraft:amethyst_shard":3,"chococraft:gysahl_green_seeds":12,"alexsmobs:animal_dictionary":1,"minecraft:emerald":11,"minecraft:oak_sapling":24,"minecraft:coal":86},"minecraft:dropped":{"minecraft:cooked_beef":1,"minecraft:cooked_porkchop":1,"iceandfire:armor_copper_metal_chestplate":3,"minecraft:cobblestone":2,"minecraft:torch":27,"iceandfire:armor_copper_metal_boots":1,"swem:star_worm":4,"minecraft:stone_axe":1,"spartanshields:stone_basic_shield":1,"minecraft:stone_sword":2,"alexsmobs:animal_dictionary":1,"swem:alfalfa_seeds":4,"minecraft:rotten_flesh":1,"minecraft:oak_planks":64,"iceandfire:armor_copper_metal_helmet":1,"swem:timothy_seeds":1,"born_in_chaos_v1:corpse_maggot":1,"spartanshields:copper_tower_shield":1,"minecraft:iron_bars":3,"minecraft:stone_pickaxe":4,"iceandfire:armor_copper_metal_leggings":2,"chococraft:gysahl_green":4},"minecraft:used":{"minecraft:stone_sword":50,"iceandfire:armor_copper_metal_leggings":1,"minecraft:stone_shovel":56,"born_in_chaos_v1:fried_maggot":1,"minecraft:rotten_flesh":3,"minecraft:torch":32,"iceandfire:armor_copper_metal_boots":1,"minecraft:dirt":58,"minecraft:furnace":4,"minecraft:oak_sapling":8,"iceandfire:armor_copper_metal_helmet":1,"tombstone:gift":2,"minecraft:cooked_beef":3,"minecraft:stone_pickaxe":239,"minecraft:wooden_pickaxe":17,"minecraft:crafting_table":5,"minecraft:black_bed":1,"minecraft:smoker":4,"minecraft:oak_log":1,"minecraft:apple":1,"iceandfire:armor_copper_metal_chestplate":1,"spartanshields:stone_basic_shield":22,"spartanshields:copper_tower_shield":9,"minecraft:stone_axe":55,"minecraft:cobblestone":53,"minecraft:cooked_porkchop":1,"chococraft:gysahl_green":28},"minecraft:crafted":{"minecraft:oak_planks":60,"minecraft:smooth_stone":3,"minecraft:cobblestone_slab":6,"minecraft:stone_shovel":1,"spartanshields:wooden_tower_shield":3,"minecraft:furnace":2,"iceandfire:armor_copper_metal_leggings":2,"minecraft:stone":3,"spartanshields:stone_tower_shield":1,"iceandfire:armor_copper_metal_boots":2,"iceandfire:armor_copper_metal_helmet":2,"born_in_chaos_v1:fried_maggot":1,"spartanshields:copper_tower_shield":2,"minecraft:stone_pickaxe":5,"iceandfire:armor_copper_metal_chestplate":2,"minecraft:stone_hoe":1,"minecraft:smoker":1,"minecraft:cooked_beef":4,"minecraft:cooked_porkchop":2,"minecraft:crafting_table":2,"minecraft:wooden_pickaxe":2,"spartanshields:stone_basic_shield":2,"minecraft:copper_ingot":63,"minecraft:stone_axe":2,"minecraft:air":0,"minecraft:charcoal":3,"minecraft:stick":40,"minecraft:stone_sword":4,"spartanshields:wooden_basic_shield":2},"minecraft:custom":{"minecraft:mob_kills":12,"minecraft:interact_with_crafting_table":34,"minecraft:leave_game":1,"minecraft:time_since_death":3327,"minecraft:climb_one_cm":5752,"minecraft:sprint_one_cm":159490,"minecraft:walk_one_cm":266797,"minecraft:damage_blocked_by_shield":875,"minecraft:drop":43,"minecraft:play_time":122442,"minecraft:deaths":12,"minecraft:sneak_time":6970,"minecraft:walk_under_water_one_cm":1686,"minecraft:jump":1650,"minecraft:walk_on_water_one_cm":1006,"minecraft:total_world_time":122442,"minecraft:interact_with_furnace":35,"spartanshields:shield_bash_hits":3,"minecraft:time_since_rest":905,"minecraft:damage_taken":4111,"tombstone:sneak_grave":1,"minecraft:damage_dealt":2476,"minecraft:swim_one_cm":1894,"minecraft:fly_one_cm":224963,"minecraft:open_chest":4,"minecraft:crouch_one_cm":12222,"tombstone:undead_killed":4,"minecraft:interact_with_smoker":21,"minecraft:fall_one_cm":22031},"minecraft:killed_by":{"monsters_and_girls:spook":1,"minecraft:zombie":3}},"DataVersion":3465}