{"stats":{"minecraft:crafted":{"minecraft:cooked_cod":10,"minecraft:stone_shovel":1,"minecraft:spruce_planks":4,"minecraft:wooden_pickaxe":1,"spartanshields:wooden_tower_shield":2,"minecraft:furnace":3,"iceandfire:armor_copper_metal_leggings":1,"minecraft:copper_ingot":35,"minecraft:stone":3,"minecraft:stone_axe":2,"minecraft:air":71,"iceandfire:armor_copper_metal_boots":2,"justhammers:stone_hammer":1,"born_in_chaos_v1:fried_maggot":3,"spartanshields:copper_tower_shield":2,"minecraft:stick":16,"iceandfire:armor_copper_metal_chestplate":1,"minecraft:iron_ingot":3,"minecraft:iron_pickaxe":1,"minecraft:stone_pickaxe":2,"minecraft:stone_sword":2,"minecraft:smoker":1},"minecraft:custom":{"minecraft:interact_with_furnace":30,"spartanshields:shield_bash_hits":1,"minecraft:mob_kills":21,"minecraft:interact_with_crafting_table":23,"minecraft:open_barrel":13,"minecraft:damage_dealt_resisted":20,"minecraft:leave_game":1,"minecraft:time_since_death":89463,"minecraft:climb_one_cm":1947,"minecraft:time_since_rest":89463,"minecraft:sprint_one_cm":151458,"minecraft:damage_taken":1804,"minecraft:walk_one_cm":228709,"minecraft:damage_blocked_by_shield":1250,"minecraft:drop":19,"minecraft:damage_dealt":4131,"minecraft:swim_one_cm":10232,"minecraft:fly_one_cm":206879,"minecraft:open_chest":15,"minecraft:crouch_one_cm":24212,"minecraft:play_time":89463,"tombstone:undead_killed":9,"minecraft:sneak_time":8334,"minecraft:walk_under_water_one_cm":4954,"minecraft:jump":1211,"minecraft:walk_on_water_one_cm":19122,"minecraft:interact_with_smoker":5,"minecraft:total_world_time":89463,"minecraft:fall_one_cm":25988},"minecraft:mined":{"undead_revamp2:arapholia":7,"iceandfire:silver_ore":2,"monsters_and_girls:ink_cap_mushroom":2,"minecraft:smoker":1,"farmersdelight:wild_carrots":12,"minecraft:granite":35,"minecraft:crafting_table":3,"minecraft:grass_block":16,"iceandfire:ghost_chest":2,"minecraft:tall_grass":4,"minecraft:copper_ore":14,"minecraft:cobblestone":15,"minecraft:spruce_leaves":8,"minecraft:oak_planks":5,"minecraft:diorite":7,"minecraft:wall_torch":4,"minecraft:furnace":3,"minecraft:iron_ore":1,"minecraft:sweet_berry_bush":9,"minecraft:andesite":1,"treechop:chopped_log":1,"minecraft:grass":11,"chococraft:gysahl_green":114,"minecraft:coal_ore":5,"minecraft:vine":4,"minecraft:lantern":1,"minecraft:sand":22,"minecraft:dirt":42,"minecraft:cobweb":6,"minecraft:stone":157,"minecraft:stone_bricks":3,"minecraft:oak_leaves":5,"minecraft:fern":3},"minecraft:killed":{"born_in_chaos_v1:restless_spirit":1,"minecraft:spider":1,"born_in_chaos_v1:decrepit_skeleton":1,"born_in_chaos_v1:maggot":3,"minecraft:sheep":4,"minecraft:zombie":7,"born_in_chaos_v1:dread_hound":1,"untamedwilds:bison":1,"minecraft:wither_skeleton":1,"enemyexpansion:wasp":1},"minecraft:picked_up":{"minecraft:fishing_rod":1,"born_in_chaos_v1:corpse_maggot":3,"minecraft:crafting_table":3,"chococraft:loverly_gysahl_green":11,"minecraft:water_bucket":1,"minecraft:leather":7,"minecraft:potion":1,"iceandfire:ectoplasm":3,"iceandfire:manuscript":6,"minecraft:string":8,"skilltree:gem":5,"minecraft:dirt":31,"minecraft:lantern":1,"minecraft:raw_copper":35,"minecraft:iron_leggings":1,"minecraft:bone":4,"chococraft:gysahl_green":265,"untamedwilds:material_fat":2,"minecraft:stone_bricks":3,"chococraft:gold_gysahl":1,"minecraft:wheat_seeds":1,"minecraft:gold_nugget":37,"minecraft:spruce_planks":23,"minecraft:stone_pickaxe":1,"minecraft:cobweb":5,"minecraft:player_head":2,"minecraft:oak_planks":5,"minecraft:furnace":2,"minecraft:stick":52,"iceandfire:ghost_chest":1,"minecraft:sweet_berries":29,"minecraft:copper_ingot":1,"minecraft:torch":4,"born_in_chaos_v1:ethereal_spirit":1,"monsters_and_girls:monsters_and_girls_changelog":1,"minecraft:sand":11,"tombstone:grave_dust":2,"minecraft:spruce_sapling":68,"chococraft:gysahl_green_seeds":86,"minecraft:carrot":12,"monsters_and_girls:ink_cap_mushroom":2,"minecraft:spruce_log":64,"tombstone:tablet_of_cupidity":1,"iceandfire:silver_ingot":4,"minecraft:rotten_flesh":12,"minecraft:stone_axe":1,"minecraft:granite":18,"minecraft:white_wool":3,"minecraft:mutton":6,"minecraft:skeleton_skull":2,"minecraft:coal":5,"undead_revamp2:arapholia":6,"minecraft:cobblestone":186},"minecraft:dropped":{"minecraft:water_bucket":1,"minecraft:stone_axe":2,"chococraft:loverly_gysahl_green":7,"minecraft:wheat_seeds":1,"minecraft:stone_sword":1,"chococraft:gold_gysahl":1,"iceandfire:armor_copper_metal_chestplate":1,"born_in_chaos_v1:smoked_flesh":7,"minecraft:coal":8,"born_in_chaos_v1:monster_flesh":7,"minecraft:torch":21,"iceandfire:armor_copper_metal_boots":1,"spartanshields:copper_tower_shield":1,"minecraft:stone_pickaxe":2,"chococraft:gysahl_green":44},"minecraft:used":{"minecraft:water_bucket":7,"minecraft:stone_sword":103,"minecraft:tropical_fish":6,"minecraft:stone_shovel":72,"minecraft:stone_pickaxe":113,"minecraft:oak_planks":3,"minecraft:spruce_planks":1,"minecraft:wooden_pickaxe":3,"minecraft:salmon":4,"minecraft:torch":24,"minecraft:dirt":30,"minecraft:crafting_table":3,"minecraft:smoker":1,"chococraft:gysahl_green_seeds":37,"minecraft:lantern":1,"minecraft:iron_pickaxe":129,"spartanshields:copper_tower_shield":25,"justhammers:stone_hammer":19,"minecraft:stone_bricks":3,"minecraft:stone_axe":41,"minecraft:fishing_rod":2,"minecraft:cobblestone":80,"minecraft:sweet_berries":4,"minecraft:furnace":3,"minecraft:cooked_cod":7,"minecraft:bucket":7,"chococraft:gysahl_green":48}},"DataVersion":3465}