{"stats":{"minecraft:crafted":{"minecraft:stone_shovel":1,"minecraft:spruce_planks":4,"minecraft:stick":16,"minecraft:wooden_pickaxe":1,"minecraft:stone_pickaxe":2,"minecraft:stone_sword":2,"minecraft:furnace":3,"minecraft:stone_axe":2,"minecraft:air":68},"minecraft:custom":{"minecraft:time_since_rest":11463,"minecraft:sprint_one_cm":14374,"minecraft:damage_taken":153,"minecraft:walk_one_cm":30794,"minecraft:mob_kills":2,"minecraft:drop":7,"minecraft:damage_dealt":351,"minecraft:swim_one_cm":953,"minecraft:interact_with_crafting_table":7,"minecraft:fly_one_cm":11153,"minecraft:crouch_one_cm":502,"minecraft:play_time":11463,"tombstone:undead_killed":1,"minecraft:sneak_time":248,"minecraft:walk_under_water_one_cm":2415,"minecraft:damage_dealt_resisted":10,"minecraft:jump":87,"minecraft:walk_on_water_one_cm":1291,"minecraft:leave_game":1,"minecraft:time_since_death":11463,"minecraft:total_world_time":11463,"minecraft:fall_one_cm":418},"minecraft:mined":{"undead_revamp2:arapholia":1,"treechop:chopped_log":1,"minecraft:crafting_table":2,"minecraft:grass":2,"chococraft:gysahl_green":15,"minecraft:grass_block":2,"minecraft:dirt":9,"minecraft:cobblestone":1,"minecraft:copper_ore":10,"minecraft:spruce_leaves":2,"minecraft:stone":59,"minecraft:fern":2},"minecraft:killed":{"minecraft:zombie":1,"born_in_chaos_v1:maggot":1},"minecraft:picked_up":{"chococraft:loverly_gysahl_green":2,"minecraft:crafting_table":2,"chococraft:gysahl_green_seeds":15,"minecraft:spruce_sapling":6,"minecraft:spruce_log":10,"skilltree:gem":2,"minecraft:dirt":11,"minecraft:raw_copper":35,"minecraft:rotten_flesh":2,"chococraft:gysahl_green":66,"chococraft:gold_gysahl":1,"minecraft:stone_axe":1,"minecraft:stone_pickaxe":1,"undead_revamp2:arapholia":1,"minecraft:cobblestone":60},"minecraft:dropped":{"minecraft:stone_axe":2,"minecraft:stone_sword":1,"minecraft:stone_pickaxe":2,"chococraft:gysahl_green":43},"minecraft:used":{"minecraft:stone_sword":8,"chococraft:gysahl_green_seeds":15,"minecraft:stone_shovel":3,"minecraft:stone_pickaxe":67,"minecraft:wooden_pickaxe":3,"minecraft:stone_axe":5,"minecraft:cobblestone":10,"minecraft:crafting_table":2,"chococraft:gysahl_green":7}},"DataVersion":3465}