{"stat.killEntity.mocreatures:snake":2,"stat.leaveGame":3,"stat.mineBlock.minecraft.cobblestone":6,"stat.pickup.minecraft.stone_pickaxe":1,"stat.pickup.howlingmoon.wolfsbane":2,"stat.drop.minecraft.shield":1,"stat.swimOneCm":9873,"stat.craftItem.minecraft.shield":2,"stat.useItem.minecraft.planks":2,"stat.pickup.minecraft.porkchop":98,"stat.pickup.betteranimalsplus.wolf_pelt_snowy":1,"stat.useItem.minecraft.dirt":16,"stat.useItem.minecraft.stone_slab2":16,"stat.pickup.minecraft.bow":2,"stat.useItem.minecraft.water_bucket":5,"stat.craftItem.minecraft.furnace":2,"stat.craftItem.minecraft.stone_axe":2,"stat.useItem.minecraft.iron_ore":2,"stat.craftItem.minecraft.stone_pickaxe":2,"stat.craftItem.minecraft.cooked_beef":2,"stat.pickup.minecraft.cobblestone":111,"stat.craftItem.minecraft.stone_sword":2,"stat.flyOneCm":160296,"stat.craftItem.minecraft.wooden_slab":12,"stat.useItem.minecraft.cooked_beef":2,"stat.mineBlock.minecraft.iron_ore":9,"stat.timeSinceDeath":4100,"stat.craftItem.minecraft.wooden_pickaxe":2,"stat.furnaceInteraction":49,"stat.mineBlock.minecraft.coal_ore":31,"stat.talkedToVillager":1,"stat.pickup.minecraft.beef":10,"stat.pickup.minecraft.furnace":4,"stat.craftItem.minecraft.stone_slab2":0,"stat.killEntity.rat":2,"stat.sprintOneCm":75826,"stat.pickup.howlingmoon.moonstone":2,"stat.craftItem.minecraft.stick":24,"stat.mineBlock.minecraft.crafting_table":2,"stat.killEntity.betteranimalsplus.zotzpyre":1,"stat.mineBlock.howlingmoon.wolfsbane":1,"stat.deaths":7,"stat.entityKilledBy.wild_dog":2,"stat.drop":4,"stat.playOneMinute":78591,"stat.pickup.minecraft.item_frame":15,"stat.pickup.zawa.care_guide":2,"stat.drop.minecraft.torch":2,"stat.mineBlock.minecraft.tallgrass":28,"stat.diveOneCm":1669,"stat.chestOpened":1,"stat.pickup.minecraft.arrow":2,"stat.useItem.minecraft.glass_bottle":1,"stat.craftItem.minecraft.cooked_porkchop":32,"stat.mineBlock.minecraft.ice":6,"stat.pickup.minecraft.stone_axe":1,"stat.pickup.howlingmoon.potion_wolfsbane":2,"stat.useItem.howlingmoon.potion_wolfsbane":1,"stat.useItem.minecraft.potion":1,"stat.craftItem.minecraft.coal":6,"stat.entityKilledBy.Pig":1,"stat.jump":1046,"stat.pickup.minecraft.coal":32,"stat.fallOneCm":25878,"stat.useItem.minecraft.stone_axe":2,"stat.crouchOneCm":6456,"stat.craftItem.minecraft.torch":16,"stat.craftItem.minecraft.iron_ingot":9,"stat.pickup.minecraft.dirt":20,"stat.craftingTableInteraction":16,"stat.pickup.minecraft.iron_ore":9,"stat.killEntity.mocreatures:dragonfly":1,"stat.craftItem.cannibalism.playerfleshcooked":12,"stat.mineBlock.minecraft.glass_pane":2,"stat.damageTaken":3285,"stat.pickup.minecraft.leather":6,"stat.mineBlock.minecraft.torch":4,"stat.mineBlock.minecraft.furnace":4,"stat.useItem.minecraft.wooden_pickaxe":5,"stat.useItem.minecraft.furnace":2,"stat.pickup.minecraft.planks":28,"stat.pickup.minecraft.wheat_seeds":7,"stat.useItem.minecraft.stone_pickaxe":136,"stat.useItem.minecraft.stone_sword":97,"stat.useItem.cannibalism.playerfleshcooked":10,"stat.damageDealt":5519,"stat.killEntity.Cow":4,"stat.mineBlock.minecraft.dirt":22,"stat.killEntity.Pig":46,"stat.pickup.toughasnails.ice_cube":3,"stat.walkOneCm":192036,"stat.useItem.minecraft.torch":7,"stat.playerKills":1,"stat.pickup.cannibalism.playerfleshcooked":7,"stat.pickup.howlingmoon.silver_sword":2,"stat.pickup.minecraft.crafting_table":2,"stat.useItem.minecraft.cobblestone":77,"stat.craftItem.minecraft.crafting_table":1,"stat.killEntity.mocreatures:wildhorse":2,"stat.entityKilledBy.mocreatures:wildhorse":1,"stat.pickup.minecraft.log":83,"stat.useItem.tombstone.gift":1,"stat.pickup.minecraft.stone":1,"stat.useItem.howlingmoon.silver_sword":41,"stat.entityKilledBy.icedragon":1,"stat.pickup.minecraft.sapling":3,"stat.pickup.mocreatures.mocegg":3,"stat.craftItem.minecraft.bucket":1,"stat.craftItem.minecraft.planks":168,"stat.pickup.cannibalism.playerflesh":17,"stat.mobKills":59,"stat.mineBlock.minecraft.log":9,"stat.mineBlock.minecraft.leaves":71,"stat.pickup.minecraft.torch":8,"stat.pickup.minecraft.red_flower":1,"stat.sneakTime":3518,"stat.drop.minecraft.stone_axe":1,"stat.mineBlock.minecraft.stone":89}