{"stat.chestOpened":1,"stat.walkOneCm":79941,"stat.useItem.minecraft.bread":3,"stat.pickup.minecraft.crafting_table":1,"stat.craftItem.minecraft.crafting_table":1,"stat.furnaceInteraction":3,"stat.talkedToVillager":3,"stat.entityKilledBy.mocreatures:wildhorse":1,"stat.pickup.minecraft.log":5,"stat.swimOneCm":4832,"stat.jump":145,"stat.fallOneCm":3460,"stat.useItem.minecraft.planks":37,"stat.climbOneCm":538,"stat.pickup.minecraft.beef":3,"stat.pickup.minecraft.carrot":8,"stat.craftItem.minecraft.bread":5,"stat.crouchOneCm":1184,"stat.pickup.minecraft.chicken":1,"stat.mineBlock.minecraft.chest":2,"stat.pickup.minecraft.sapling":9,"stat.pickup.minecraft.dirt":22,"stat.sprintOneCm":62728,"stat.useItem.minecraft.stone_slab2":4,"stat.pickup.howlingmoon.moonstone":1,"stat.craftItem.minecraft.stick":4,"stat.craftItem.minecraft.wooden_axe":1,"stat.craftingTableInteraction":6,"stat.pickup.minecraft.beetroot":3,"stat.craftItem.minecraft.planks":56,"stat.mineBlock.minecraft.leaves2":140,"stat.mineBlock.minecraft.glass_pane":3,"stat.mineBlock.minecraft.log2":16,"stat.damageTaken":765,"stat.mineBlock.zawa.dried_bamboo":1,"stat.mineBlock.minecraft.crafting_table":1,"stat.pickup.minecraft.leather":3,"stat.pickup.cannibalism.playerflesh":4,"stat.pickup.minecraft.feather":1,"stat.entityKilledBy.Hunter":1,"stat.mobKills":3,"stat.craftItem.minecraft.wooden_sword":1,"stat.pickup.minecraft.log2":9,"stat.mineBlock.minecraft.log":6,"stat.killEntity.if_cockatrice":1,"stat.useItem.minecraft.beef":1,"stat.pickup.minecraft.planks":8,"stat.flyOneCm":19750,"stat.deaths":2,"stat.mineBlock.minecraft.planks":8,"stat.pickup.minecraft.glass_bottle":1,"stat.pickup.minecraft.wheat_seeds":78,"stat.drop":2,"stat.mineBlock.minecraft.leaves":56,"stat.pickup.minecraft.beetroot_seeds":13,"stat.pickup.minecraft.potato":62,"stat.playOneMinute":22249,"stat.useItem.minecraft.wooden_sword":61,"stat.pickup.minecraft.torch":2,"stat.sneakTime":844,"stat.pickup.zawa.dried_bamboo":1,"stat.damageDealt":528,"stat.pickup.zawa.care_guide":1,"stat.timeSinceDeath":4506,"stat.drop.minecraft.bread":2,"stat.useItem.minecraft.wooden_axe":27,"stat.killEntity.Cow":3,"stat.mineBlock.minecraft.dirt":27,"stat.mineBlock.minecraft.tallgrass":7,"stat.diveOneCm":5569,"stat.useItem.minecraft.beetroot":3,"stat.pickup.minecraft.wheat":15,"stat.pickup.minecraft.chest":2}