{"stat.leaveGame":1,"stat.mineBlock.minecraft.cobblestone":5,"stat.pickup.toughasnails.purified_water_bottle":5,"stat.useItem.minecraft.glass_bottle":3,"stat.pickup.minecraft.stone_pickaxe":1,"stat.pickup.minecraft.stone_axe":1,"stat.useItem.minecraft.apple":3,"stat.pickup.trevorcraft.bleachstone":3,"stat.drop.minecraft.apple":1,"stat.jump":345,"stat.swimOneCm":9728,"stat.pickup.minecraft.coal":10,"stat.pickup.mocreatures.bigcatclaw":1,"stat.fallOneCm":2024,"stat.useItem.minecraft.stone_axe":57,"stat.crouchOneCm":288,"stat.pickup.minecraft.dirt":3,"stat.useItem.minecraft.stone_slab2":3,"stat.craftingTableInteraction":5,"stat.pickup.minecraft.sand":12,"stat.craftItem.minecraft.furnace":2,"stat.craftItem.cannibalism.playerfleshcooked":3,"stat.damageTaken":230,"stat.mineBlock.minecraft.torch":12,"stat.craftItem.minecraft.cooked_beef":3,"stat.pickup.minecraft.cobblestone":96,"stat.pickup.minecraft.prismarine_crystals":1,"stat.flyOneCm":7784,"tombstone:undead_killed":10,"stat.pickup.minecraft.wheat_seeds":1,"stat.mineBlock.minecraft.sand":12,"stat.pickup.trevorcraft.deprivedchunk":10,"stat.useItem.minecraft.stone_pickaxe":112,"stat.pickup.cannibalism.stoneknife":1,"stat.useItem.minecraft.stone_sword":39,"stat.useItem.cannibalism.playerfleshcooked":3,"stat.damageDealt":2009,"stat.timeSinceDeath":31785,"stat.mineBlock.minecraft.dirt":1,"stat.walkOneCm":75746,"stat.useItem.minecraft.torch":11,"stat.pickup.cannibalism.playerfleshcooked":1,"stat.useItem.minecraft.cobblestone":30,"stat.furnaceInteraction":30,"stat.killEntity.mocreatures:tiger":1,"stat.mineBlock.minecraft.coal_ore":10,"stat.pickup.minecraft.log":43,"stat.pickup.minecraft.beef":4,"stat.craftItem.minecraft.stone_slab2":0,"stat.pickup.minecraft.sapling":25,"stat.sprintOneCm":9844,"stat.useItem.cannibalism.stoneknife":2,"stat.pickup.minecraft.apple":5,"stat.craftItem.minecraft.stick":4,"stat.pickup.tombstone.magic_scroll":1,"stat.useItem.tombstone.magic_scroll":5,"stat.craftItem.minecraft.planks":36,"stat.pickup.minecraft.potion":1,"stat.pickup.cannibalism.playerflesh":3,"stat.pickup.minecraft.stone_sword":1,"stat.mobKills":12,"stat.mineBlock.minecraft.log":44,"stat.drop.tombstone.magic_scroll":1,"stat.mineBlock.trevorcraft.bleachstone":1,"stat.drop":2,"stat.pickup.zawa.fur":1,"stat.mineBlock.minecraft.leaves":475,"stat.playOneMinute":31785,"stat.pickup.minecraft.torch":13,"stat.sneakTime":852,"stat.pickup.zawa.care_guide":1,"stat.killEntity.siren":1,"stat.mineBlock.minecraft.stone":90,"stat.mineBlock.minecraft.tallgrass":2,"stat.diveOneCm":1196,"stat.killEntity.crawler":10}