{"stat.chestOpened":1,"stat.pickup.minecraft.wooden_slab":1,"stat.useItem.minecraft.glass_bottle":1,"stat.mineBlock.minecraft.cobblestone":1,"stat.swimOneCm":10624,"stat.jump":247,"stat.pickup.zawa.worm":2,"stat.fallOneCm":4927,"stat.useItem.minecraft.planks":37,"stat.climbOneCm":538,"stat.pickup.minecraft.carrot":35,"stat.pickup.minecraft.glowstone_dust":4,"stat.useItem.minecraft.stone_axe":85,"stat.drop.minecraft.wooden_sword":1,"stat.craftItem.minecraft.bread":5,"stat.crouchOneCm":2381,"stat.mineBlock.minecraft.chest":2,"stat.pickup.minecraft.dirt":52,"stat.useItem.minecraft.dirt":48,"stat.useItem.minecraft.stone_slab2":8,"stat.craftingTableInteraction":9,"stat.craftItem.minecraft.stone_axe":3,"stat.mineBlock.minecraft.leaves2":140,"stat.mineBlock.minecraft.glass_pane":20,"stat.craftItem.cannibalism.playerfleshcooked":8,"stat.mineBlock.minecraft.log2":17,"stat.pickup.minecraft.leather":3,"stat.mineBlock.zawa.dried_bamboo":1,"stat.damageTaken":965,"stat.pickup.minecraft.feather":1,"stat.pickup.animalium.wild_dog_pelt":2,"stat.craftItem.minecraft.stone_pickaxe":1,"stat.useItem.minecraft.wooden_pickaxe":49,"stat.entityKilledBy.Hunter":1,"stat.pickup.minecraft.cobblestone":15,"stat.craftItem.minecraft.wooden_sword":1,"stat.mineBlock.minecraft.wooden_slab":1,"stat.pickup.minecraft.log2":10,"stat.killEntity.if_cockatrice":1,"stat.pickup.minecraft.planks":35,"stat.craftItem.minecraft.stone_sword":1,"stat.flyOneCm":24098,"stat.pickup.minecraft.glass_bottle":1,"stat.pickup.minecraft.wheat_seeds":139,"stat.pickup.minecraft.potato":105,"stat.useItem.minecraft.stone_pickaxe":4,"stat.useItem.minecraft.stone_sword":19,"stat.useItem.cannibalism.playerfleshcooked":2,"stat.pickup.zawa.dried_bamboo":1,"stat.damageDealt":3057,"stat.timeSinceDeath":28806,"stat.killEntity.Cow":5,"stat.mineBlock.minecraft.dirt":50,"stat.craftItem.minecraft.wooden_pickaxe":1,"stat.walkOneCm":133337,"stat.useItem.minecraft.bread":3,"stat.useItem.minecraft.torch":1,"stat.useItem.minecraft.potato":28,"stat.pickup.minecraft.wooden_axe":2,"stat.pickup.minecraft.crafting_table":1,"stat.craftItem.minecraft.crafting_table":1,"stat.furnaceInteraction":8,"stat.talkedToVillager":3,"stat.pickup.minecraft.wooden_sword":1,"stat.entityKilledBy.mocreatures:wildhorse":1,"stat.pickup.minecraft.log":9,"stat.pickup.minecraft.beef":7,"stat.craftItem.minecraft.stone_slab2":0,"stat.pickup.minecraft.stone":24,"stat.pickup.minecraft.chicken":1,"stat.pickup.minecraft.sapling":9,"stat.sprintOneCm":79952,"stat.pickup.howlingmoon.moonstone":3,"stat.craftItem.minecraft.stick":32,"stat.craftItem.minecraft.wooden_axe":1,"stat.pickup.minecraft.beetroot":3,"stat.killEntity.wild_dog":4,"stat.craftItem.minecraft.planks":56,"stat.craftItem.toughasnails.purified_water_bottle":1,"stat.useItem.minecraft.wheat_seeds":28,"stat.pickup.cannibalism.playerflesh":4,"stat.mineBlock.minecraft.crafting_table":1,"stat.mineBlock.minecraft.glowstone":2,"stat.useItem.minecraft.carrot":30,"stat.mobKills":13,"stat.killEntity.striga":1,"stat.mineBlock.minecraft.log":11,"stat.useItem.minecraft.beef":1,"stat.mineBlock.minecraft.planks":35,"stat.deaths":2,"stat.drop":4,"stat.mineBlock.minecraft.leaves":56,"stat.pickup.minecraft.beetroot_seeds":13,"stat.playOneMinute":46549,"stat.useItem.minecraft.wooden_sword":61,"stat.pickup.minecraft.torch":2,"stat.sneakTime":2697,"stat.pickup.zawa.care_guide":1,"stat.drop.minecraft.bread":2,"stat.useItem.minecraft.wooden_axe":42,"stat.killEntity.Hunter":2,"stat.mineBlock.minecraft.stone":44,"stat.mineBlock.minecraft.tallgrass":9,"stat.diveOneCm":5569,"stat.useItem.minecraft.beetroot":3,"stat.drop.minecraft.wooden_axe":1,"stat.pickup.minecraft.wheat":49,"stat.pickup.minecraft.chest":2}