{"stats":{"minecraft:mined":{"minecraft:spruce_planks":1,"minecraft:ladder":1,"minecraft:grass_block":1,"minecraft:tall_grass":3,"minecraft:blue_bed":1,"minecraft:hay_block":1,"vampirism:totem_base":1,"vampirism:totem_top":1,"minecraft:fire":6,"minecraft:lilac":1,"minecraft:spruce_log":1,"treechop:chopped_log":1,"minecraft:grass":8,"minecraft:dirt_path":1,"minecraft:dirt":3,"minecraft:stone":4,"minecraft:oak_leaves":1,"minecraft:fern":2},"minecraft:custom":{"minecraft:mob_kills":25,"minecraft:open_barrel":1,"minecraft:damage_dealt_resisted":357,"minecraft:leave_game":1,"minecraft:time_since_death":27128,"minecraft:damage_resisted":336,"minecraft:climb_one_cm":3074,"minecraft:time_since_rest":26452,"minecraft:sprint_one_cm":62770,"minecraft:walk_one_cm":58466,"minecraft:damage_taken":1951,"minecraft:damage_absorbed":630,"minecraft:drop":1,"minecraft:damage_dealt":5887,"minecraft:swim_one_cm":8823,"minecraft:fly_one_cm":291738,"minecraft:open_chest":8,"minecraft:crouch_one_cm":932,"minecraft:play_time":35405,"minecraft:deaths":2,"tombstone:undead_killed":4,"minecraft:sneak_time":620,"minecraft:walk_under_water_one_cm":892,"minecraft:jump":692,"minecraft:walk_on_water_one_cm":5946,"minecraft:total_world_time":35405,"minecraft:fall_one_cm":14484},"minecraft:dropped":{"minecraft:vine":1},"minecraft:picked_up":{"minecraft:lilac":1,"minecraft:leather":2,"minecraft:jungle_log":1,"minecraft:oak_log":3,"minecraft:blue_bed":1,"minecraft:dirt":37,"minecraft:string":7,"minecraft:bone":6,"minecraft:wheat_seeds":3,"vampirism:totem_base":1,"minecraft:spruce_planks":1,"minecraft:beef":2,"scalinghealth:power_crystal_shard":5,"werewolves:pelt":1,"minecraft:spruce_log":1,"minecraft:diamond_block":4,"minecraft:bundle":1,"mca:rose_gold_block":1,"minecraft:arrow":6,"minecraft:diamond":4,"minecraft:hay_block":1,"werewolves:cracked_bone":1,"minecraft:oak_sapling":1,"minecraft:mutton":2,"minecraft:white_wool":1,"minecraft:cobblestone":1},"minecraft:used":{"vampirism:hunter_axe_normal":2,"minecraft:dirt_path":18,"iceandfire:ghost_sword":19,"iceandfire:dragonsteel_lightning_pickaxe":6,"minecraft:oak_planks":41,"minecraft:spruce_planks":1,"minecraft:stone":1,"minecraft:zombie_spawn_egg":2,"vampirism:item_alchemical_fire":1,"minecraft:oak_leaves":6,"minecraft:diamond_block":9,"minecraft:spruce_log":1,"minecraft:milk_bucket":1,"iceandfire:dragonsteel_lightning_axe":30,"minecraft:oak_log":62,"minecraft:string":1,"minecraft:hay_block":31,"iceandfire:dragonsteel_lightning_sword":12,"minecraft:podzol":40,"tombstone:gift":2,"vampirism:totem_base":1,"minecraft:cooked_beef":7,"twilightforest:gold_minotaur_axe":2,"minecraft:enchanted_golden_apple":4},"minecraft:killed":{"vampirism:vampire":1,"minecraft:spider":8,"minecraft:sheep":1,"minecraft:skeleton":2,"minecraft:zombie":1,"iceandfire:ghost":1,"mca:female_villager":2,"werewolves:werewolf_survivalist":1,"minecraft:cow":2}},"DataVersion":3465}