{"stats":{"minecraft:killed":{"rats:demon_rat":1,"minecraft:zombified_piglin":19,"born_in_chaos_v1:skeleton_demoman":1,"minecraft:spider":1,"born_in_chaos_v1:siamese_skeletonsright":1,"born_in_chaos_v1:firelight":6,"born_in_chaos_v1:maggot":21,"minecraft:skeleton":13,"majruszsdifficulty:creeperling":3,"minecraft:drowned":7,"artifacts:mimic":1,"born_in_chaos_v1:siamese_skeletons":1,"minecraft:piglin":5,"minecraft:husk":4,"born_in_chaos_v1:baby_skeleton":1,"born_in_chaos_v1:diamond_termite":1,"minecraft:zombie_villager":1,"born_in_chaos_v1:swarmer":1,"minecraft:squid":2,"alexsmobs:crimson_mosquito":4,"minecraft:zombie":62,"born_in_chaos_v1:corpse_fly":1,"minecraft:stray":4,"born_in_chaos_v1:door_knight":1,"born_in_chaos_v1:siamese_skeletonsleft":2,"minecraft:cow":69},"minecraft:crafted":{"swem:sword_amethyst":2,"swem:chestplate_diamond":1,"minecraft:oak_planks":52,"swem:sword_gold":2,"spartanshields:wooden_tower_shield":2,"swem:leather_refined":8,"swem:rivet_iron":16,"portablemobs:master_capture_cell":1,"minecraft:dark_oak_door":3,"minecraft:quartz_block":71,"swem:sword_netherite":2,"swem:rivet_copper":32,"swem:plate_diamond":8,"minecraft:iron_axe":1,"swem:sword_iron":2,"swem:rivet_diamond":16,"minecraft:chest":2,"minecraft:redstone_block":28,"swem:rivet_gold":16,"minecraft:netherite_scrap":35,"swem:leather_treated":9,"scalinghealth:power_crystal":9,"minecraft:cooked_beef":211,"swem:rivet_netherite":16,"minecraft:emerald":1,"spartanshields:diamond_tower_shield":2,"travelersbackpack:standard":1,"minecraft:dried_kelp":121,"swem:plate_iron":4,"minecraft:copper_ingot":13,"scalinghealth:heart_crystal":10,"minecraft:bucket":1,"minecraft:air":0,"jeg:scrap_block":38,"swem:sword_leather":2,"portablemobs:basic_capture_cell":1,"minecraft:diamond_pickaxe":11,"minecraft:leather_chestplate":2,"minecraft:stone_sword":2,"minecraft:gold_ingot":28,"swem:sword_diamond":2,"minecraft:netherite_ingot":3,"vanillaplustools:diamond_hammer":1,"minecraft:acacia_planks":80,"minecraft:shears":1,"swem:sword_copper":2},"minecraft:killed_by":{"minecraft:zombified_piglin":4,"minecraft:drowned":1,"minecraft:zombie":7,"cave_dweller:cave_dweller":1},"minecraft:broken":{"minecraft:leather_helmet":1,"minecraft:iron_leggings":1,"minecraft:golden_sword":1,"vanillaplustools:stone_shovel":1,"mowziesmobs:umvuthana_mask_bliss":1},"minecraft:used":{"minecraft:cracked_deepslate_bricks":2,"minecraft:diamond_hoe":56,"minecraft:netherrack":180,"minecraft:stone_hoe":2,"minecraft:player_head":1,"minecraft:torch":95,"scalinghealth:heart_crystal":14,"minecraft:tuff":59,"minecraft:chipped_anvil":1,"minecraft:iron_axe":27,"minecraft:quartz_block":6,"scalinghealth:power_crystal":5,"minecraft:golden_sword":1,"rats:cooked_rat":1,"scalinghealth:bandages":7,"tombstone:gift":8,"minecraft:cooked_beef":204,"minecraft:cobbled_deepslate":178,"swem:sword_amethyst":232,"minecraft:water_bucket":21,"minecraft:cobblestone_slab":5,"scalinghealth:chance_heart":3,"minecraft:sugar_cane":12,"vanillaplustools:diamond_hammer":3357,"soulsweapons:bluemoon_greatsword":91,"vanillaplustools:stone_shovel":172,"minecraft:dark_oak_door":3,"minecraft:diamond_pickaxe":129,"minecraft:acacia_door":4,"scalinghealth:enchanted_heart":2,"tombstone:magic_scroll":3,"spartanshields:diamond_tower_shield":145,"minecraft:gravel":23,"minecraft:potion":1,"travelersbackpack:standard":18,"minecraft:bucket":29,"alexsmobs:animal_dictionary":3,"minecraft:experience_bottle":3},"minecraft:custom":{"minecraft:interact_with_smithing_table":5,"minecraft:interact_with_anvil":3,"minecraft:mob_kills":239,"minecraft:animals_bred":17,"minecraft:interact_with_crafting_table":51,"minecraft:open_barrel":2,"goblintraders:trade_with_goblin":8,"minecraft:damage_dealt_resisted":6618,"minecraft:leave_game":4,"minecraft:time_since_death":20347,"minecraft:damage_resisted":112,"minecraft:climb_one_cm":1216,"minecraft:sprint_one_cm":498574,"minecraft:walk_one_cm":879132,"minecraft:damage_blocked_by_shield":7470,"minecraft:drop":77,"minecraft:play_time":386081,"minecraft:sneak_time":18370,"minecraft:deaths":24,"minecraft:walk_under_water_one_cm":170739,"minecraft:jump":1606,"minecraft:interact_with_blast_furnace":11,"minecraft:walk_on_water_one_cm":105833,"minecraft:enchant_item":17,"minecraft:total_world_time":386081,"tombstone:steal_effect":3,"minecraft:interact_with_furnace":10,"minecraft:time_since_rest":20058,"minecraft:damage_taken":47855,"tombstone:sneak_grave":1,"minecraft:damage_dealt":55888,"minecraft:swim_one_cm":172781,"minecraft:fly_one_cm":534736,"minecraft:open_chest":443,"minecraft:crouch_one_cm":41923,"tombstone:undead_killed":118,"minecraft:interact_with_smoker":58,"minecraft:fall_one_cm":31812,"minecraft:horse_one_cm":17560},"minecraft:mined":{"minecraft:nether_gold_ore":32,"minecraft:large_amethyst_bud":10,"minecraft:tuff":717,"minecraft:deepslate_diamond_ore":62,"minecraft:sculk_vein":11,"minecraft:budding_amethyst":12,"minecraft:crimson_roots":1,"minecraft:deepslate_bricks":2,"minecraft:kelp":17,"minecraft:weeping_vines_plant":1,"minecraft:tall_seagrass":2,"minecraft:magma_block":4,"minecraft:cobbled_deepslate":33,"minecraft:fire":17,"minecraft:deepslate_lapis_ore":1,"minecraft:sculk_shrieker":3,"soulsweapons:moonstone_ore_deepslate":17,"minecraft:shroomlight":1,"minecraft:cobblestone_slab":1,"minecraft:deepslate_iron_ore":21,"scalinghealth:deepslate_power_crystal_ore":23,"minecraft:small_amethyst_bud":6,"minecraft:deepslate_redstone_ore":62,"minecraft:soul_sand":2,"minecraft:blackstone":196,"deeperdarker:ancient_vase":6,"soulsweapons:verglas_ore_deepslate":11,"minecraft:kelp_plant":33,"minecraft:medium_amethyst_bud":10,"minecraft:amethyst_cluster":12,"scalinghealth:deepslate_heart_crystal_ore":26,"minecraft:crafting_table":1,"minecraft:cobbled_deepslate_wall":1,"born_in_chaos_v1:infected_deepslate_diamond_ore":6,"minecraft:torch":2,"minecraft:calcite":68,"minecraft:chest":5,"minecraft:sculk_sensor":2,"minecraft:nether_quartz_ore":151,"minecraft:tall_grass":1,"minecraft:cobblestone":5,"minecraft:deepslate_gold_ore":25,"minecraft:sugar_cane":20,"minecraft:cracked_deepslate_bricks":2,"minecraft:sculk":46,"minecraft:wall_torch":6,"minecraft:amethyst_block":90,"jeg:deepslate_scrap_ore":89,"minecraft:dark_oak_door":1,"minecraft:nether_wart_block":9,"minecraft:wheat":124,"minecraft:acacia_door":6,"minecraft:gravel":932,"minecraft:dirt":1,"minecraft:smooth_basalt":59,"minecraft:ancient_debris":22,"minecraft:netherrack":12984,"minecraft:deepslate":11821},"minecraft:picked_up":{"majruszsdifficulty:tattered_boots":2,"minecraft:crafting_table":1,"minecraft:wheat":84,"minecraft:creeper_head":1,"soulsweapons:moonstone":42,"minecraft:enchanted_book":4,"minecraft:diamond_horse_armor":1,"minecraft:golden_sword":1,"minecraft:amethyst_block":73,"minecraft:acacia_door":6,"minecraft:string":6,"minecraft:iron_axe":3,"minecraft:iron_leggings":1,"minecraft:compass":1,"minecraft:blackstone":82,"minecraft:shroomlight":1,"deeperdarker:warden_carapace":1,"vanillaplustools:stone_shovel":1,"alexsmobs:blood_sac":1,"minecraft:gold_nugget":270,"minecraft:candle":6,"minecraft:cobbled_deepslate":9456,"minecraft:bucket":2,"minecraft:beef":325,"minecraft:echo_shard":4,"scalinghealth:chance_heart":3,"spartanshields:diamond_tower_shield":3,"minecraft:player_head":4,"minecraft:calcite":57,"minecraft:enchanted_golden_apple":1,"minecraft:sugar_cane":35,"minecraft:chest":3,"minecraft:diamond_hoe":4,"minecraft:dark_oak_door":1,"minecraft:stick":2,"minecraft:raw_iron":42,"minecraft:torch":45,"tombstone:grave_dust":11,"minecraft:redstone":356,"swem:sword_amethyst":6,"minecraft:rotten_flesh":69,"minecraft:arrow":6,"artifacts:cowboy_hat":1,"minecraft:deepslate_bricks":2,"minecraft:cracked_deepslate_bricks":2,"mowziesmobs:umvuthana_mask_bliss":2,"soulsweapons:bluemoon_greatsword":1,"minecraft:saddle":1,"minecraft:skeleton_skull":1,"born_in_chaos_v1:fused_bone":2,"minecraft:cobblestone":2,"born_in_chaos_v1:corpse_maggot":11,"minecraft:magma_block":4,"minecraft:cooked_beef":75,"minecraft:leather":202,"minecraft:potato":2,"majruszsdifficulty:tattered_helmet":1,"vanillaplustools:diamond_hammer":1,"alexsmobs:mosquito_proboscis":1,"minecraft:flint":96,"minecraft:tuff":628,"minecraft:ancient_debris":22,"scalinghealth:bandages":20,"minecraft:nether_wart_block":5,"jeg:scrap":343,"minecraft:lapis_lazuli":16,"scalinghealth:heart_crystal":10,"skilltree:gem":14,"minecraft:sculk_vein":16,"minecraft:disc_fragment_5":9,"minecraft:leather_boots":1,"minecraft:bone":28,"minecraft:wheat_seeds":384,"minecraft:kelp":120,"minecraft:bow":1,"minecraft:cobbled_deepslate_wall":1,"minecraft:raw_gold":56,"minecraft:iron_ingot":9,"minecraft:cobweb":10,"scalinghealth:power_crystal_shard":65,"tombstone:bag_of_seeds":2,"jeg:tech_trash":66,"minecraft:stone_hoe":1,"minecraft:iron_sword":1,"minecraft:book":5,"minecraft:sculk_catalyst":2,"scalinghealth:heart_crystal_shard":69,"minecraft:smooth_basalt":49,"minecraft:sculk":48,"minecraft:quartz":250,"minecraft:gravel":553,"minecraft:sand":4,"minecraft:amethyst_shard":18,"minecraft:soul_torch":13,"minecraft:ink_sac":5,"minecraft:leather_helmet":1,"travelersbackpack:standard":6,"minecraft:diamond":126,"minecraft:grass":2,"minecraft:emerald":3,"soulsweapons:verglas":22,"scalinghealth:cursed_heart":9,"tombstone:magic_scroll":1,"minecraft:netherrack":4718,"minecraft:coal":8,"minecraft:crimson_roots":2,"minecraft:diamond_pickaxe":6},"minecraft:dropped":{"minecraft:cooked_beef":40,"minecraft:crafting_table":1,"soulsweapons:bluemoon_greatsword":1,"jeg:scrap":79,"travelersbackpack:standard":2,"scalinghealth:power_crystal":2,"minecraft:stick":9,"scalinghealth:heart_crystal":20,"mowziesmobs:umvuthana_mask_bliss":1,"tombstone:grave_dust":3,"minecraft:iron_leggings":2,"minecraft:gold_nugget":6,"spartanshields:diamond_tower_shield":3,"jeg:tech_trash":12,"minecraft:bucket":2,"vanillaplustools:diamond_hammer":2,"minecraft:gravel":6,"minecraft:cobbled_deepslate":63,"portablemobs:master_capture_cell":1,"minecraft:diamond_pickaxe":2,"minecraft:netherrack":1436,"swem:sword_amethyst":7}},"DataVersion":3465}