{"stats":{"minecraft:killed":{"minecraft:skeleton":1,"minecraft:zombie":6,"minecraft:stray":1,"born_in_chaos_v1:maggot":3},"minecraft:used":{"minecraft:water_bucket":2,"minecraft:diamond_pickaxe":1,"minecraft:chipped_anvil":1,"vanillaplustools:diamond_hammer":303,"minecraft:torch":33,"soulsweapons:bluemoon_greatsword":48,"scalinghealth:heart_crystal":3,"travelersbackpack:standard":2,"minecraft:bucket":5,"vanillaplustools:stone_shovel":43,"minecraft:cooked_beef":5,"minecraft:tuff":58},"minecraft:picked_up":{"minecraft:crafting_table":1,"minecraft:raw_iron":9,"minecraft:cooked_beef":3,"minecraft:leather":49,"minecraft:torch":3,"vanillaplustools:diamond_hammer":1,"soulsweapons:moonstone":8,"minecraft:gravel":163,"minecraft:flint":20,"minecraft:tuff":40,"tombstone:grave_dust":2,"minecraft:redstone":30,"skilltree:gem":3,"travelersbackpack:standard":1,"minecraft:bone":3,"minecraft:arrow":3,"minecraft:rotten_flesh":1,"minecraft:diamond":16,"minecraft:bow":1,"minecraft:cobbled_deepslate":1486,"minecraft:beef":105,"scalinghealth:cursed_heart":1,"scalinghealth:power_crystal_shard":23,"born_in_chaos_v1:corpse_maggot":1,"scalinghealth:heart_crystal_shard":4},"minecraft:dropped":{"vanillaplustools:diamond_hammer":2,"scalinghealth:heart_crystal":1,"minecraft:cobbled_deepslate":62,"minecraft:crafting_table":1,"travelersbackpack:standard":2,"scalinghealth:power_crystal":2},"minecraft:killed_by":{"minecraft:zombie":1},"minecraft:crafted":{"minecraft:diamond_pickaxe":11,"travelersbackpack:standard":1,"vanillaplustools:diamond_hammer":1,"scalinghealth:heart_crystal":2,"scalinghealth:power_crystal":4,"minecraft:air":0,"minecraft:cooked_beef":37},"minecraft:mined":{"minecraft:deepslate_redstone_ore":5,"jeg:deepslate_scrap_ore":9,"minecraft:tuff":43,"minecraft:deepslate_diamond_ore":8,"soulsweapons:verglas_ore_deepslate":1,"minecraft:crafting_table":1,"soulsweapons:moonstone_ore_deepslate":4,"minecraft:deepslate_iron_ore":5,"scalinghealth:deepslate_power_crystal_ore":8,"minecraft:gravel":213,"minecraft:wall_torch":1,"minecraft:deepslate":2440},"minecraft:custom":{"minecraft:interact_with_smithing_table":4,"minecraft:time_since_rest":11845,"minecraft:sprint_one_cm":67011,"minecraft:damage_taken":1955,"minecraft:walk_one_cm":90025,"minecraft:mob_kills":11,"minecraft:drop":9,"minecraft:damage_dealt":2134,"minecraft:interact_with_crafting_table":4,"minecraft:fly_one_cm":99351,"minecraft:open_chest":53,"minecraft:deaths":2,"minecraft:crouch_one_cm":546,"minecraft:play_time":47584,"tombstone:undead_killed":8,"minecraft:sneak_time":727,"minecraft:walk_under_water_one_cm":3906,"minecraft:damage_dealt_resisted":70,"minecraft:jump":197,"minecraft:interact_with_blast_furnace":2,"minecraft:interact_with_smoker":10,"minecraft:leave_game":1,"minecraft:walk_on_water_one_cm":17306,"minecraft:time_since_death":12679,"minecraft:climb_one_cm":136,"minecraft:enchant_item":2,"minecraft:total_world_time":47584,"minecraft:fall_one_cm":831,"minecraft:interact_with_furnace":2}},"DataVersion":3465}