{"stats":{"minecraft:killed":{"born_in_chaos_v1:skeleton_demoman":1,"born_in_chaos_v1:maggot":8,"minecraft:skeleton":5,"artifacts:mimic":1,"minecraft:husk":2,"minecraft:zombie_villager":1,"minecraft:squid":2,"minecraft:zombie":27,"minecraft:stray":2,"minecraft:cow":69},"minecraft:used":{"minecraft:cracked_deepslate_bricks":2,"minecraft:player_head":1,"minecraft:torch":49,"scalinghealth:heart_crystal":6,"minecraft:tuff":59,"minecraft:chipped_anvil":1,"minecraft:iron_axe":10,"tombstone:gift":3,"minecraft:cooked_beef":57,"minecraft:cobbled_deepslate":44,"swem:sword_amethyst":83,"minecraft:water_bucket":8,"vanillaplustools:diamond_hammer":486,"soulsweapons:bluemoon_greatsword":91,"vanillaplustools:stone_shovel":49,"minecraft:diamond_pickaxe":3,"tombstone:magic_scroll":3,"spartanshields:diamond_tower_shield":27,"travelersbackpack:standard":6,"minecraft:bucket":15},"minecraft:picked_up":{"minecraft:crafting_table":1,"minecraft:creeper_head":1,"soulsweapons:moonstone":28,"minecraft:diamond_horse_armor":1,"minecraft:iron_leggings":1,"deeperdarker:warden_carapace":1,"minecraft:cobbled_deepslate":2393,"minecraft:bucket":1,"minecraft:beef":325,"spartanshields:diamond_tower_shield":2,"minecraft:player_head":2,"minecraft:enchanted_golden_apple":1,"minecraft:raw_iron":11,"minecraft:torch":4,"tombstone:grave_dust":11,"minecraft:redstone":70,"swem:sword_amethyst":4,"artifacts:cowboy_hat":1,"minecraft:arrow":5,"minecraft:rotten_flesh":58,"minecraft:deepslate_bricks":2,"minecraft:cracked_deepslate_bricks":2,"soulsweapons:bluemoon_greatsword":1,"minecraft:skeleton_skull":1,"born_in_chaos_v1:corpse_maggot":5,"minecraft:cooked_beef":24,"minecraft:leather":202,"vanillaplustools:diamond_hammer":1,"minecraft:flint":34,"minecraft:tuff":263,"jeg:scrap":21,"scalinghealth:heart_crystal":2,"skilltree:gem":7,"minecraft:leather_boots":1,"minecraft:bone":4,"minecraft:kelp":120,"minecraft:bow":1,"minecraft:wheat_seeds":2,"minecraft:cobbled_deepslate_wall":1,"minecraft:raw_gold":34,"minecraft:cobweb":2,"scalinghealth:power_crystal_shard":29,"tombstone:bag_of_seeds":1,"jeg:tech_trash":2,"minecraft:stone_hoe":1,"minecraft:iron_sword":1,"scalinghealth:heart_crystal_shard":23,"minecraft:sculk":9,"minecraft:gravel":218,"minecraft:ink_sac":5,"travelersbackpack:standard":1,"minecraft:diamond":29,"scalinghealth:cursed_heart":9,"soulsweapons:verglas":9,"minecraft:emerald":3,"tombstone:magic_scroll":1,"minecraft:coal":8,"minecraft:diamond_pickaxe":3},"minecraft:dropped":{"minecraft:crafting_table":1,"soulsweapons:bluemoon_greatsword":1,"travelersbackpack:standard":2,"scalinghealth:power_crystal":2,"minecraft:stick":9,"scalinghealth:heart_crystal":1,"tombstone:grave_dust":3,"minecraft:iron_leggings":2,"spartanshields:diamond_tower_shield":3,"minecraft:bucket":1,"vanillaplustools:diamond_hammer":2,"minecraft:cobbled_deepslate":63,"minecraft:diamond_pickaxe":2,"swem:sword_amethyst":5},"minecraft:killed_by":{"minecraft:drowned":1,"minecraft:zombie":5,"cave_dweller:cave_dweller":1},"minecraft:crafted":{"swem:sword_amethyst":2,"minecraft:oak_planks":52,"swem:sword_gold":2,"spartanshields:wooden_tower_shield":2,"swem:leather_refined":8,"swem:rivet_iron":16,"swem:sword_netherite":2,"swem:rivet_copper":32,"swem:plate_diamond":4,"minecraft:iron_axe":1,"swem:sword_iron":2,"swem:rivet_diamond":16,"swem:rivet_gold":16,"minecraft:netherite_scrap":5,"swem:leather_treated":9,"scalinghealth:power_crystal":4,"minecraft:cooked_beef":83,"swem:rivet_netherite":16,"spartanshields:diamond_tower_shield":2,"minecraft:dried_kelp":121,"travelersbackpack:standard":1,"swem:plate_iron":4,"minecraft:copper_ingot":13,"scalinghealth:heart_crystal":2,"minecraft:air":0,"swem:sword_leather":2,"minecraft:diamond_pickaxe":11,"minecraft:stone_sword":2,"swem:sword_diamond":2,"minecraft:netherite_ingot":2,"vanillaplustools:diamond_hammer":1,"swem:sword_copper":2},"minecraft:mined":{"minecraft:tuff":296,"minecraft:deepslate_diamond_ore":18,"minecraft:deepslate_bricks":2,"minecraft:kelp":17,"minecraft:tall_seagrass":2,"minecraft:cobbled_deepslate":22,"minecraft:fire":3,"soulsweapons:moonstone_ore_deepslate":10,"minecraft:sculk_shrieker":2,"minecraft:deepslate_iron_ore":6,"scalinghealth:deepslate_power_crystal_ore":8,"minecraft:deepslate_redstone_ore":10,"minecraft:kelp_plant":33,"deeperdarker:ancient_vase":3,"soulsweapons:verglas_ore_deepslate":7,"scalinghealth:deepslate_heart_crystal_ore":7,"born_in_chaos_v1:infected_deepslate_diamond_ore":2,"minecraft:crafting_table":1,"minecraft:cobbled_deepslate_wall":1,"minecraft:chest":3,"minecraft:deepslate_gold_ore":13,"minecraft:cracked_deepslate_bricks":2,"minecraft:sculk":1,"minecraft:wall_torch":1,"jeg:deepslate_scrap_ore":16,"minecraft:gravel":237,"minecraft:deepslate":3522},"minecraft:custom":{"minecraft:interact_with_smithing_table":5,"minecraft:mob_kills":118,"minecraft:interact_with_anvil":3,"minecraft:animals_bred":10,"minecraft:interact_with_crafting_table":28,"minecraft:open_barrel":2,"goblintraders:trade_with_goblin":1,"minecraft:damage_dealt_resisted":1246,"minecraft:leave_game":2,"minecraft:time_since_death":55138,"minecraft:climb_one_cm":758,"minecraft:sprint_one_cm":188972,"minecraft:walk_one_cm":364361,"minecraft:damage_blocked_by_shield":1775,"minecraft:drop":28,"minecraft:play_time":178945,"minecraft:deaths":12,"minecraft:sneak_time":4644,"minecraft:walk_under_water_one_cm":112299,"minecraft:jump":689,"minecraft:interact_with_blast_furnace":6,"minecraft:walk_on_water_one_cm":83355,"minecraft:enchant_item":13,"minecraft:total_world_time":178945,"tombstone:steal_effect":1,"minecraft:interact_with_furnace":7,"minecraft:time_since_rest":54959,"minecraft:damage_taken":16808,"tombstone:sneak_grave":1,"minecraft:damage_dealt":21325,"minecraft:swim_one_cm":85172,"minecraft:fly_one_cm":390771,"minecraft:open_chest":254,"minecraft:crouch_one_cm":9014,"tombstone:undead_killed":38,"minecraft:interact_with_smoker":50,"minecraft:fall_one_cm":17541,"minecraft:horse_one_cm":12106}},"DataVersion":3465}