{"stats":{"minecraft:crafted":{"swem:sword_amethyst":2,"minecraft:oak_planks":52,"swem:sword_gold":2,"spartanshields:wooden_tower_shield":2,"swem:leather_refined":8,"swem:rivet_iron":16,"swem:sword_netherite":2,"swem:rivet_copper":32,"swem:plate_diamond":4,"minecraft:iron_axe":1,"swem:sword_iron":2,"swem:rivet_diamond":16,"swem:rivet_gold":16,"minecraft:netherite_scrap":5,"swem:leather_treated":9,"scalinghealth:power_crystal":8,"swem:rivet_netherite":16,"minecraft:cooked_beef":211,"spartanshields:diamond_tower_shield":2,"minecraft:dried_kelp":121,"travelersbackpack:standard":1,"swem:plate_iron":4,"minecraft:copper_ingot":13,"scalinghealth:heart_crystal":7,"minecraft:bucket":1,"minecraft:air":0,"swem:sword_leather":2,"minecraft:diamond_pickaxe":11,"minecraft:stone_sword":2,"swem:sword_diamond":2,"minecraft:netherite_ingot":2,"vanillaplustools:diamond_hammer":1,"swem:sword_copper":2},"minecraft:picked_up":{"majruszsdifficulty:tattered_boots":2,"minecraft:crafting_table":1,"minecraft:creeper_head":1,"soulsweapons:moonstone":37,"minecraft:enchanted_book":4,"minecraft:diamond_horse_armor":1,"minecraft:amethyst_block":27,"minecraft:string":6,"minecraft:iron_leggings":1,"minecraft:compass":1,"deeperdarker:warden_carapace":1,"minecraft:candle":6,"minecraft:cobbled_deepslate":6760,"minecraft:bucket":2,"minecraft:echo_shard":4,"minecraft:beef":325,"scalinghealth:chance_heart":3,"spartanshields:diamond_tower_shield":2,"minecraft:calcite":24,"minecraft:player_head":4,"minecraft:enchanted_golden_apple":1,"minecraft:chest":3,"minecraft:diamond_hoe":1,"minecraft:stick":2,"minecraft:raw_iron":31,"minecraft:torch":34,"tombstone:grave_dust":11,"minecraft:redstone":224,"swem:sword_amethyst":5,"minecraft:rotten_flesh":64,"minecraft:arrow":5,"artifacts:cowboy_hat":1,"minecraft:deepslate_bricks":2,"minecraft:cracked_deepslate_bricks":2,"soulsweapons:bluemoon_greatsword":1,"minecraft:skeleton_skull":1,"minecraft:cobblestone":2,"born_in_chaos_v1:corpse_maggot":9,"minecraft:cooked_beef":66,"minecraft:leather":202,"majruszsdifficulty:tattered_helmet":1,"minecraft:potato":2,"vanillaplustools:diamond_hammer":1,"minecraft:flint":39,"minecraft:tuff":419,"scalinghealth:bandages":9,"jeg:scrap":264,"minecraft:lapis_lazuli":16,"scalinghealth:heart_crystal":5,"skilltree:gem":10,"minecraft:disc_fragment_5":9,"minecraft:leather_boots":1,"minecraft:bone":26,"minecraft:kelp":120,"minecraft:bow":1,"minecraft:wheat_seeds":2,"minecraft:cobbled_deepslate_wall":1,"minecraft:raw_gold":56,"minecraft:iron_ingot":9,"minecraft:cobweb":10,"scalinghealth:power_crystal_shard":58,"tombstone:bag_of_seeds":1,"jeg:tech_trash":54,"minecraft:stone_hoe":1,"minecraft:iron_sword":1,"minecraft:book":5,"minecraft:sculk_catalyst":2,"scalinghealth:heart_crystal_shard":55,"minecraft:smooth_basalt":21,"minecraft:sculk":13,"minecraft:gravel":271,"minecraft:sand":4,"minecraft:amethyst_shard":4,"minecraft:soul_torch":13,"minecraft:ink_sac":5,"minecraft:leather_helmet":1,"travelersbackpack:standard":3,"minecraft:diamond":84,"minecraft:emerald":3,"soulsweapons:verglas":20,"scalinghealth:cursed_heart":9,"tombstone:magic_scroll":1,"minecraft:coal":8,"minecraft:diamond_pickaxe":4},"minecraft:killed":{"born_in_chaos_v1:skeleton_demoman":1,"born_in_chaos_v1:maggot":14,"minecraft:skeleton":11,"majruszsdifficulty:creeperling":3,"minecraft:drowned":7,"artifacts:mimic":1,"minecraft:husk":3,"minecraft:zombie_villager":1,"born_in_chaos_v1:swarmer":1,"minecraft:squid":2,"minecraft:zombie":57,"born_in_chaos_v1:corpse_fly":1,"minecraft:stray":4,"born_in_chaos_v1:door_knight":1,"minecraft:cow":69},"minecraft:dropped":{"minecraft:crafting_table":1,"soulsweapons:bluemoon_greatsword":1,"travelersbackpack:standard":2,"scalinghealth:power_crystal":2,"minecraft:stick":9,"scalinghealth:heart_crystal":11,"tombstone:grave_dust":3,"minecraft:iron_leggings":2,"spartanshields:diamond_tower_shield":3,"minecraft:bucket":2,"vanillaplustools:diamond_hammer":2,"minecraft:cobbled_deepslate":63,"minecraft:diamond_pickaxe":2,"swem:sword_amethyst":6},"minecraft:mined":{"minecraft:large_amethyst_bud":5,"minecraft:tuff":483,"minecraft:deepslate_diamond_ore":41,"minecraft:budding_amethyst":5,"minecraft:deepslate_bricks":2,"minecraft:kelp":17,"minecraft:tall_seagrass":2,"minecraft:cobbled_deepslate":32,"minecraft:fire":5,"minecraft:deepslate_lapis_ore":1,"minecraft:sculk_shrieker":2,"soulsweapons:moonstone_ore_deepslate":15,"minecraft:deepslate_iron_ore":15,"minecraft:small_amethyst_bud":4,"scalinghealth:deepslate_power_crystal_ore":18,"minecraft:deepslate_redstone_ore":34,"deeperdarker:ancient_vase":6,"soulsweapons:verglas_ore_deepslate":10,"minecraft:kelp_plant":33,"minecraft:medium_amethyst_bud":7,"minecraft:amethyst_cluster":3,"scalinghealth:deepslate_heart_crystal_ore":22,"minecraft:crafting_table":1,"minecraft:cobbled_deepslate_wall":1,"born_in_chaos_v1:infected_deepslate_diamond_ore":2,"minecraft:calcite":24,"minecraft:chest":5,"minecraft:sculk_sensor":1,"minecraft:cobblestone":2,"minecraft:deepslate_gold_ore":25,"minecraft:cracked_deepslate_bricks":2,"minecraft:sculk":6,"minecraft:wall_torch":3,"minecraft:amethyst_block":46,"jeg:deepslate_scrap_ore":89,"minecraft:gravel":329,"minecraft:smooth_basalt":26,"minecraft:deepslate":8334},"minecraft:used":{"minecraft:cracked_deepslate_bricks":2,"minecraft:diamond_hoe":2,"minecraft:stone_hoe":2,"minecraft:player_head":1,"minecraft:torch":83,"scalinghealth:heart_crystal":8,"minecraft:tuff":59,"minecraft:chipped_anvil":1,"minecraft:iron_axe":12,"scalinghealth:power_crystal":1,"tombstone:gift":8,"minecraft:cooked_beef":91,"minecraft:cobbled_deepslate":73,"swem:sword_amethyst":145,"minecraft:water_bucket":14,"scalinghealth:chance_heart":3,"vanillaplustools:diamond_hammer":1144,"soulsweapons:bluemoon_greatsword":91,"vanillaplustools:stone_shovel":67,"minecraft:diamond_pickaxe":7,"scalinghealth:enchanted_heart":1,"tombstone:magic_scroll":3,"spartanshields:diamond_tower_shield":55,"travelersbackpack:standard":7,"minecraft:bucket":22,"minecraft:experience_bottle":3},"minecraft:broken":{"minecraft:leather_helmet":1},"minecraft:custom":{"minecraft:interact_with_smithing_table":5,"minecraft:mob_kills":178,"minecraft:interact_with_anvil":3,"minecraft:animals_bred":17,"minecraft:interact_with_crafting_table":33,"minecraft:open_barrel":2,"goblintraders:trade_with_goblin":1,"minecraft:damage_dealt_resisted":3913,"minecraft:leave_game":3,"minecraft:time_since_death":4368,"minecraft:climb_one_cm":758,"minecraft:damage_resisted":112,"minecraft:sprint_one_cm":243710,"minecraft:walk_one_cm":541564,"minecraft:damage_blocked_by_shield":4817,"minecraft:drop":36,"minecraft:play_time":234077,"minecraft:deaths":14,"minecraft:sneak_time":7525,"minecraft:walk_under_water_one_cm":136624,"minecraft:jump":1038,"minecraft:interact_with_blast_furnace":9,"minecraft:walk_on_water_one_cm":99057,"minecraft:enchant_item":15,"minecraft:total_world_time":234077,"tombstone:steal_effect":2,"minecraft:interact_with_furnace":8,"minecraft:time_since_rest":4188,"minecraft:damage_taken":23720,"tombstone:sneak_grave":1,"minecraft:damage_dealt":35336,"minecraft:swim_one_cm":148239,"minecraft:fly_one_cm":434249,"minecraft:open_chest":314,"minecraft:crouch_one_cm":16375,"tombstone:undead_killed":86,"minecraft:interact_with_smoker":58,"minecraft:fall_one_cm":24751,"minecraft:horse_one_cm":12106},"minecraft:killed_by":{"minecraft:drowned":1,"minecraft:zombie":6,"cave_dweller:cave_dweller":1}},"DataVersion":3465}