{"stats":{"minecraft:killed":{"born_in_chaos_v1:skeleton_demoman":1,"minecraft:spider":1,"born_in_chaos_v1:maggot":14,"minecraft:skeleton":12,"majruszsdifficulty:creeperling":3,"minecraft:drowned":7,"artifacts:mimic":1,"minecraft:husk":4,"born_in_chaos_v1:diamond_termite":1,"minecraft:zombie_villager":1,"born_in_chaos_v1:swarmer":1,"minecraft:squid":2,"minecraft:zombie":60,"born_in_chaos_v1:corpse_fly":1,"minecraft:stray":4,"born_in_chaos_v1:door_knight":1,"minecraft:cow":69},"minecraft:crafted":{"swem:sword_amethyst":2,"minecraft:oak_planks":52,"swem:sword_gold":2,"spartanshields:wooden_tower_shield":2,"swem:leather_refined":8,"swem:rivet_iron":16,"swem:sword_netherite":2,"swem:rivet_copper":32,"swem:plate_diamond":4,"minecraft:iron_axe":1,"swem:sword_iron":2,"swem:rivet_diamond":16,"minecraft:redstone_block":28,"swem:rivet_gold":16,"minecraft:netherite_scrap":5,"swem:leather_treated":9,"scalinghealth:power_crystal":8,"minecraft:cooked_beef":211,"swem:rivet_netherite":16,"spartanshields:diamond_tower_shield":2,"travelersbackpack:standard":1,"minecraft:dried_kelp":121,"swem:plate_iron":4,"minecraft:copper_ingot":13,"scalinghealth:heart_crystal":9,"minecraft:bucket":1,"minecraft:air":0,"swem:sword_leather":2,"minecraft:diamond_pickaxe":11,"minecraft:stone_sword":2,"swem:sword_diamond":2,"minecraft:netherite_ingot":2,"vanillaplustools:diamond_hammer":1,"swem:sword_copper":2},"minecraft:killed_by":{"minecraft:drowned":1,"minecraft:zombie":6,"cave_dweller:cave_dweller":1},"minecraft:broken":{"minecraft:leather_helmet":1,"minecraft:iron_leggings":1,"mowziesmobs:umvuthana_mask_bliss":1},"minecraft:used":{"minecraft:cracked_deepslate_bricks":2,"minecraft:diamond_hoe":47,"minecraft:stone_hoe":2,"minecraft:player_head":1,"minecraft:torch":91,"scalinghealth:heart_crystal":10,"minecraft:tuff":59,"minecraft:chipped_anvil":1,"minecraft:iron_axe":12,"scalinghealth:power_crystal":1,"scalinghealth:bandages":1,"tombstone:gift":8,"minecraft:cooked_beef":110,"minecraft:cobbled_deepslate":89,"swem:sword_amethyst":158,"minecraft:water_bucket":21,"scalinghealth:chance_heart":3,"vanillaplustools:diamond_hammer":1635,"soulsweapons:bluemoon_greatsword":91,"vanillaplustools:stone_shovel":76,"minecraft:diamond_pickaxe":9,"scalinghealth:enchanted_heart":1,"tombstone:magic_scroll":3,"spartanshields:diamond_tower_shield":59,"travelersbackpack:standard":8,"minecraft:bucket":29,"minecraft:experience_bottle":3},"minecraft:custom":{"minecraft:interact_with_smithing_table":5,"minecraft:interact_with_anvil":3,"minecraft:mob_kills":186,"minecraft:animals_bred":17,"minecraft:interact_with_crafting_table":36,"minecraft:open_barrel":2,"goblintraders:trade_with_goblin":1,"minecraft:damage_dealt_resisted":3913,"minecraft:leave_game":4,"minecraft:time_since_death":2907,"minecraft:damage_resisted":112,"minecraft:climb_one_cm":758,"minecraft:sprint_one_cm":260791,"minecraft:walk_one_cm":614106,"minecraft:damage_blocked_by_shield":5405,"minecraft:drop":44,"minecraft:play_time":272081,"minecraft:sneak_time":11798,"minecraft:deaths":15,"minecraft:walk_under_water_one_cm":143202,"minecraft:jump":1197,"minecraft:interact_with_blast_furnace":11,"minecraft:walk_on_water_one_cm":101164,"minecraft:enchant_item":16,"minecraft:total_world_time":272081,"tombstone:steal_effect":2,"minecraft:interact_with_furnace":8,"minecraft:time_since_rest":2813,"minecraft:damage_taken":27509,"tombstone:sneak_grave":1,"minecraft:damage_dealt":39046,"minecraft:swim_one_cm":155593,"minecraft:fly_one_cm":445694,"minecraft:open_chest":330,"minecraft:crouch_one_cm":28099,"tombstone:undead_killed":91,"minecraft:interact_with_smoker":58,"minecraft:fall_one_cm":28728,"minecraft:horse_one_cm":12106},"minecraft:mined":{"minecraft:large_amethyst_bud":10,"minecraft:tuff":717,"minecraft:deepslate_diamond_ore":62,"minecraft:sculk_vein":11,"minecraft:budding_amethyst":12,"minecraft:deepslate_bricks":2,"minecraft:kelp":17,"minecraft:tall_seagrass":2,"minecraft:cobbled_deepslate":32,"minecraft:fire":6,"minecraft:deepslate_lapis_ore":1,"minecraft:sculk_shrieker":3,"soulsweapons:moonstone_ore_deepslate":17,"minecraft:deepslate_iron_ore":21,"scalinghealth:deepslate_power_crystal_ore":23,"minecraft:small_amethyst_bud":6,"minecraft:deepslate_redstone_ore":62,"deeperdarker:ancient_vase":6,"soulsweapons:verglas_ore_deepslate":11,"minecraft:kelp_plant":33,"minecraft:medium_amethyst_bud":10,"minecraft:amethyst_cluster":12,"scalinghealth:deepslate_heart_crystal_ore":26,"minecraft:crafting_table":1,"minecraft:cobbled_deepslate_wall":1,"born_in_chaos_v1:infected_deepslate_diamond_ore":6,"minecraft:calcite":68,"minecraft:chest":5,"minecraft:sculk_sensor":2,"minecraft:cobblestone":2,"minecraft:deepslate_gold_ore":25,"minecraft:cracked_deepslate_bricks":2,"minecraft:sculk":46,"minecraft:wall_torch":4,"minecraft:amethyst_block":90,"jeg:deepslate_scrap_ore":89,"minecraft:gravel":379,"minecraft:dirt":1,"minecraft:smooth_basalt":59,"minecraft:deepslate":11821},"minecraft:picked_up":{"majruszsdifficulty:tattered_boots":2,"minecraft:crafting_table":1,"minecraft:creeper_head":1,"soulsweapons:moonstone":42,"minecraft:enchanted_book":4,"minecraft:diamond_horse_armor":1,"minecraft:amethyst_block":73,"minecraft:string":6,"minecraft:iron_leggings":1,"minecraft:compass":1,"deeperdarker:warden_carapace":1,"minecraft:candle":6,"minecraft:cobbled_deepslate":9455,"minecraft:bucket":2,"minecraft:beef":325,"minecraft:echo_shard":4,"scalinghealth:chance_heart":3,"spartanshields:diamond_tower_shield":2,"minecraft:player_head":4,"minecraft:calcite":57,"minecraft:enchanted_golden_apple":1,"minecraft:chest":3,"minecraft:diamond_hoe":1,"minecraft:stick":2,"minecraft:raw_iron":42,"minecraft:torch":36,"tombstone:grave_dust":11,"minecraft:redstone":356,"swem:sword_amethyst":5,"minecraft:rotten_flesh":64,"minecraft:arrow":5,"artifacts:cowboy_hat":1,"minecraft:deepslate_bricks":2,"minecraft:cracked_deepslate_bricks":2,"mowziesmobs:umvuthana_mask_bliss":2,"soulsweapons:bluemoon_greatsword":1,"minecraft:skeleton_skull":1,"minecraft:cobblestone":2,"born_in_chaos_v1:corpse_maggot":9,"minecraft:cooked_beef":66,"minecraft:leather":202,"minecraft:potato":2,"majruszsdifficulty:tattered_helmet":1,"vanillaplustools:diamond_hammer":1,"minecraft:flint":44,"minecraft:tuff":628,"scalinghealth:bandages":9,"jeg:scrap":343,"minecraft:lapis_lazuli":16,"scalinghealth:heart_crystal":10,"skilltree:gem":11,"minecraft:sculk_vein":16,"minecraft:disc_fragment_5":9,"minecraft:leather_boots":1,"minecraft:bone":26,"minecraft:wheat_seeds":2,"minecraft:kelp":120,"minecraft:bow":1,"minecraft:cobbled_deepslate_wall":1,"minecraft:raw_gold":56,"minecraft:iron_ingot":9,"minecraft:cobweb":10,"scalinghealth:power_crystal_shard":65,"tombstone:bag_of_seeds":1,"jeg:tech_trash":66,"minecraft:stone_hoe":1,"minecraft:iron_sword":1,"minecraft:book":5,"minecraft:sculk_catalyst":2,"scalinghealth:heart_crystal_shard":62,"minecraft:smooth_basalt":49,"minecraft:sculk":48,"minecraft:gravel":310,"minecraft:sand":4,"minecraft:amethyst_shard":18,"minecraft:soul_torch":13,"minecraft:ink_sac":5,"minecraft:leather_helmet":1,"travelersbackpack:standard":3,"minecraft:diamond":126,"minecraft:emerald":3,"soulsweapons:verglas":22,"scalinghealth:cursed_heart":9,"tombstone:magic_scroll":1,"minecraft:coal":8,"minecraft:diamond_pickaxe":4},"minecraft:dropped":{"minecraft:crafting_table":1,"soulsweapons:bluemoon_greatsword":1,"jeg:scrap":79,"travelersbackpack:standard":2,"scalinghealth:power_crystal":2,"minecraft:stick":9,"scalinghealth:heart_crystal":20,"mowziesmobs:umvuthana_mask_bliss":1,"tombstone:grave_dust":3,"minecraft:iron_leggings":2,"spartanshields:diamond_tower_shield":3,"jeg:tech_trash":12,"minecraft:bucket":2,"vanillaplustools:diamond_hammer":2,"minecraft:cobbled_deepslate":63,"minecraft:diamond_pickaxe":2,"swem:sword_amethyst":6}},"DataVersion":3465}