{"stats":{"minecraft:killed":{"minecraft:zombie_villager":1,"born_in_chaos_v1:maggot":4,"minecraft:skeleton":1,"minecraft:zombie":8,"minecraft:stray":1,"artifacts:mimic":1},"minecraft:used":{"minecraft:water_bucket":2,"minecraft:player_head":1,"minecraft:torch":33,"vanillaplustools:diamond_hammer":342,"soulsweapons:bluemoon_greatsword":82,"scalinghealth:heart_crystal":3,"vanillaplustools:stone_shovel":43,"minecraft:tuff":59,"minecraft:diamond_pickaxe":2,"minecraft:chipped_anvil":1,"spartanshields:diamond_tower_shield":1,"travelersbackpack:standard":3,"minecraft:bucket":6,"tombstone:gift":2,"minecraft:cooked_beef":22,"minecraft:cobbled_deepslate":26},"minecraft:picked_up":{"born_in_chaos_v1:corpse_maggot":4,"minecraft:crafting_table":1,"minecraft:cooked_beef":3,"minecraft:creeper_head":1,"minecraft:leather":49,"vanillaplustools:diamond_hammer":1,"soulsweapons:moonstone":27,"minecraft:flint":31,"minecraft:tuff":40,"jeg:scrap":3,"skilltree:gem":5,"minecraft:bone":3,"minecraft:bow":1,"minecraft:cobbled_deepslate":1679,"minecraft:raw_gold":11,"minecraft:beef":105,"spartanshields:diamond_tower_shield":2,"scalinghealth:power_crystal_shard":29,"minecraft:player_head":2,"minecraft:raw_iron":9,"scalinghealth:heart_crystal_shard":4,"minecraft:torch":3,"minecraft:gravel":163,"tombstone:grave_dust":5,"minecraft:redstone":30,"travelersbackpack:standard":1,"artifacts:cowboy_hat":1,"minecraft:arrow":3,"minecraft:rotten_flesh":4,"minecraft:diamond":24,"soulsweapons:bluemoon_greatsword":1,"soulsweapons:verglas":5,"scalinghealth:cursed_heart":1,"minecraft:skeleton_skull":1},"minecraft:dropped":{"vanillaplustools:diamond_hammer":2,"minecraft:cobbled_deepslate":63,"minecraft:crafting_table":1,"soulsweapons:bluemoon_greatsword":1,"travelersbackpack:standard":2,"scalinghealth:power_crystal":2,"minecraft:stick":9,"scalinghealth:heart_crystal":1,"tombstone:grave_dust":3,"spartanshields:diamond_tower_shield":3},"minecraft:killed_by":{"minecraft:zombie":5,"cave_dweller:cave_dweller":1},"minecraft:crafted":{"minecraft:cooked_beef":37,"minecraft:oak_planks":52,"spartanshields:diamond_tower_shield":2,"travelersbackpack:standard":1,"spartanshields:wooden_tower_shield":2,"scalinghealth:heart_crystal":2,"minecraft:air":0,"minecraft:diamond_pickaxe":11,"vanillaplustools:diamond_hammer":1,"scalinghealth:power_crystal":4},"minecraft:mined":{"minecraft:deepslate_redstone_ore":5,"minecraft:tuff":43,"minecraft:deepslate_diamond_ore":14,"soulsweapons:verglas_ore_deepslate":4,"minecraft:crafting_table":1,"born_in_chaos_v1:infected_deepslate_diamond_ore":2,"minecraft:deepslate_gold_ore":3,"minecraft:wall_torch":1,"jeg:deepslate_scrap_ore":10,"minecraft:cobbled_deepslate":22,"soulsweapons:moonstone_ore_deepslate":10,"minecraft:deepslate_iron_ore":5,"scalinghealth:deepslate_power_crystal_ore":8,"minecraft:gravel":213,"minecraft:deepslate":2679},"minecraft:custom":{"minecraft:interact_with_smithing_table":5,"minecraft:interact_with_furnace":2,"minecraft:mob_kills":16,"minecraft:interact_with_crafting_table":8,"minecraft:open_barrel":1,"minecraft:damage_dealt_resisted":102,"minecraft:leave_game":1,"minecraft:time_since_death":5834,"minecraft:climb_one_cm":136,"minecraft:time_since_rest":5622,"minecraft:sprint_one_cm":95541,"minecraft:damage_taken":7632,"minecraft:walk_one_cm":176413,"minecraft:damage_blocked_by_shield":75,"minecraft:drop":18,"minecraft:damage_dealt":4516,"minecraft:swim_one_cm":1010,"minecraft:fly_one_cm":137365,"minecraft:open_chest":102,"minecraft:crouch_one_cm":1610,"minecraft:play_time":83584,"tombstone:undead_killed":11,"minecraft:deaths":8,"minecraft:sneak_time":1842,"minecraft:walk_under_water_one_cm":74310,"minecraft:jump":398,"minecraft:interact_with_blast_furnace":2,"minecraft:walk_on_water_one_cm":49760,"minecraft:total_world_time":83584,"minecraft:enchant_item":5,"minecraft:interact_with_smoker":10,"minecraft:fall_one_cm":3656}},"DataVersion":3465}