{"stats":{"minecraft:mined":{"minecraft:spruce_planks":1,"minecraft:ladder":1,"minecraft:grass_block":1,"minecraft:tall_grass":4,"minecraft:blue_bed":1,"minecraft:hay_block":1,"vampirism:totem_base":1,"vampirism:totem_top":1,"minecraft:fire":6,"minecraft:lilac":1,"minecraft:spruce_log":1,"treechop:chopped_log":1,"minecraft:grass":29,"minecraft:vine":2,"minecraft:dirt_path":1,"minecraft:dirt":3,"minecraft:cobweb":1,"minecraft:stone":4,"minecraft:oak_leaves":1,"minecraft:fern":2},"minecraft:custom":{"minecraft:mob_kills":34,"minecraft:open_barrel":1,"minecraft:damage_dealt_resisted":611,"minecraft:leave_game":1,"minecraft:time_since_death":10422,"minecraft:climb_one_cm":3510,"minecraft:damage_resisted":351,"minecraft:time_since_rest":10310,"minecraft:sprint_one_cm":88325,"minecraft:walk_one_cm":80532,"minecraft:damage_taken":3327,"minecraft:damage_absorbed":693,"minecraft:trigger_trapped_chest":1,"minecraft:drop":1,"minecraft:damage_dealt":8008,"minecraft:swim_one_cm":16730,"minecraft:fly_one_cm":377286,"minecraft:open_chest":8,"minecraft:crouch_one_cm":1538,"minecraft:play_time":46277,"tombstone:undead_killed":7,"minecraft:deaths":3,"minecraft:sneak_time":1006,"minecraft:walk_under_water_one_cm":1271,"minecraft:jump":976,"minecraft:walk_on_water_one_cm":12264,"minecraft:total_world_time":46277,"minecraft:fall_one_cm":27095},"minecraft:killed_by":{"minecraft:zombie":1},"minecraft:broken":{"twilightforest:gold_minotaur_axe":1},"minecraft:dropped":{"minecraft:vine":1},"minecraft:picked_up":{"minecraft:lilac":1,"minecraft:jungle_log":1,"minecraft:leather":2,"minecraft:oak_log":3,"scalinghealth:heart_crystal":1,"minecraft:string":13,"minecraft:dirt":37,"minecraft:blue_bed":1,"minecraft:bone":6,"minecraft:stone_bricks":2,"minecraft:bow":1,"minecraft:wheat_seeds":6,"vampirism:totem_base":1,"minecraft:spruce_planks":1,"minecraft:beef":2,"scalinghealth:power_crystal_shard":5,"werewolves:pelt":1,"vampirism:vampire_fang":1,"minecraft:grass_block":1,"minecraft:spruce_log":1,"minecraft:diamond_block":4,"travelersbackpack:snow":1,"minecraft:bundle":1,"mca:rose_gold_block":1,"minecraft:arrow":6,"minecraft:rotten_flesh":2,"minecraft:diamond":4,"minecraft:hay_block":1,"werewolves:cracked_bone":1,"minecraft:oak_sapling":1,"minecraft:mutton":2,"minecraft:white_wool":1,"minecraft:cobblestone":1},"minecraft:killed":{"vampirism:vampire":3,"minecraft:witch":1,"minecraft:spider":9,"minecraft:sheep":1,"minecraft:skeleton":3,"minecraft:zombie":2,"iceandfire:ghost":2,"mca:female_villager":2,"werewolves:werewolf_survivalist":1,"minecraft:enderman":1,"minecraft:cow":2},"minecraft:used":{"vampirism:hunter_axe_normal":2,"iceandfire:ghost_sword":60,"minecraft:dirt_path":18,"iceandfire:dragonsteel_lightning_pickaxe":6,"minecraft:oak_planks":73,"minecraft:spruce_planks":1,"minecraft:stone":1,"minecraft:zombie_spawn_egg":2,"vampirism:item_alchemical_fire":1,"minecraft:oak_leaves":6,"minecraft:diamond_block":9,"minecraft:dirt":20,"minecraft:spruce_log":1,"minecraft:milk_bucket":1,"iceandfire:dragonsteel_lightning_axe":33,"minecraft:oak_log":62,"minecraft:string":1,"tombstone:grave_key":1,"minecraft:totem_of_undying":1,"minecraft:hay_block":31,"iceandfire:dragonsteel_lightning_sword":12,"minecraft:podzol":40,"tombstone:gift":2,"vampirism:totem_base":1,"minecraft:cooked_beef":15,"twilightforest:gold_minotaur_axe":25,"minecraft:enchanted_golden_apple":5}},"DataVersion":3465}