{"stats":{"minecraft:mined":{"minecraft:spruce_planks":1,"minecraft:spruce_log":1,"minecraft:ladder":1,"minecraft:grass":2,"minecraft:blue_bed":1,"minecraft:fern":2},"minecraft:custom":{"minecraft:time_since_rest":8502,"minecraft:sprint_one_cm":30161,"minecraft:damage_taken":754,"minecraft:walk_one_cm":24401,"minecraft:mob_kills":2,"minecraft:drop":1,"minecraft:damage_dealt":182,"minecraft:swim_one_cm":4529,"minecraft:fly_one_cm":210159,"minecraft:open_barrel":1,"minecraft:open_chest":8,"minecraft:crouch_one_cm":722,"minecraft:play_time":17455,"minecraft:deaths":2,"minecraft:sneak_time":518,"minecraft:walk_under_water_one_cm":259,"minecraft:jump":284,"minecraft:walk_on_water_one_cm":1855,"minecraft:time_since_death":9178,"minecraft:total_world_time":17455,"minecraft:climb_one_cm":3046,"minecraft:fall_one_cm":1165},"minecraft:dropped":{"minecraft:vine":1},"minecraft:picked_up":{"minecraft:jungle_log":1,"minecraft:leather":1,"minecraft:spruce_log":1,"minecraft:dirt":16,"minecraft:blue_bed":1,"minecraft:spruce_planks":1,"minecraft:beef":1},"minecraft:killed":{"minecraft:cow":1},"minecraft:used":{"minecraft:oak_log":57,"vampirism:hunter_axe_normal":2,"minecraft:dirt_path":18,"minecraft:spruce_planks":1,"minecraft:stone":1,"minecraft:zombie_spawn_egg":2,"vampirism:item_alchemical_fire":1,"minecraft:oak_leaves":6,"minecraft:diamond_block":9,"minecraft:hay_block":30,"minecraft:podzol":40,"tombstone:gift":2,"minecraft:spruce_log":1}},"DataVersion":3465}