{"stats":{"minecraft:killed":{"minecraft:skeleton":4},"minecraft:used":{"minecraft:torch":8,"soulsweapons:bluemoon_shortsword":19,"rats:cooked_rat":1,"minecraft:cooked_beef":3},"minecraft:picked_up":{"minecraft:stick":68,"minecraft:torch":1,"vanillaplustools:diamond_hammer":1,"minecraft:gravel":15,"jeg:scrap":22,"skilltree:gem":1,"minecraft:arrow":2,"minecraft:bone":3,"minecraft:cobbled_deepslate":554,"soulsweapons:verglas":1,"jeg:tech_trash":1,"minecraft:cobblestone":162},"minecraft:dropped":{"minecraft:stone_hoe":1,"minecraft:stone_shovel":1,"minecraft:smooth_basalt":9},"minecraft:crafted":{"minecraft:oak_planks":20,"minecraft:stone_shovel":3,"vanillaplustools:stone_hammer":9,"minecraft:stick":104,"minecraft:iron_ingot":4,"minecraft:stone_pickaxe":78,"minecraft:gold_ingot":9,"minecraft:birch_planks":12,"minecraft:stone_hoe":1},"minecraft:mined":{"minecraft:wall_torch":1},"minecraft:custom":{"minecraft:time_since_rest":27053,"minecraft:interact_with_furnace":3,"minecraft:sprint_one_cm":33844,"minecraft:damage_taken":400,"minecraft:walk_one_cm":48121,"minecraft:mob_kills":4,"minecraft:drop":3,"minecraft:animals_bred":20,"minecraft:damage_dealt":991,"minecraft:interact_with_crafting_table":17,"minecraft:fly_one_cm":23230,"minecraft:open_chest":48,"minecraft:crouch_one_cm":1229,"minecraft:play_time":27053,"tombstone:undead_killed":4,"minecraft:sneak_time":302,"minecraft:jump":114,"minecraft:interact_with_blast_furnace":2,"minecraft:time_since_death":27053,"minecraft:enchant_item":2,"minecraft:interact_with_smoker":3,"minecraft:total_world_time":27053}},"DataVersion":3465}