{"stats":{"minecraft:killed":{"minecraft:zombified_piglin":5,"born_in_chaos_v1:restless_spirit":1,"born_in_chaos_v1:siamese_skeletonsright":1,"born_in_chaos_v1:firelight":3,"born_in_chaos_v1:maggot":21,"minecraft:skeleton":15,"minecraft:drowned":2,"born_in_chaos_v1:siamese_skeletons":1,"minecraft:husk":1,"born_in_chaos_v1:diamond_termite":2,"minecraft:zombie_villager":1,"mowziesmobs:umvuthana_follower_raptor":2,"alexsmobs:crimson_mosquito":3,"born_in_chaos_v1:decrepit_skeleton":1,"minecraft:zombie":43,"born_in_chaos_v1:corpse_fly":3,"minecraft:stray":2,"born_in_chaos_v1:siamese_skeletonsleft":1,"minecraft:cow":52},"minecraft:crafted":{"minecraft:oak_planks":28,"minecraft:cobblestone_slab":24,"minecraft:stone_shovel":3,"vanillaplustools:stone_hammer":9,"iceandfire:armor_copper_metal_helmet":1,"iceandfire:armor_copper_metal_boots":1,"minecraft:stone_pickaxe":78,"iceandfire:armor_copper_metal_chestplate":1,"minecraft:cobblestone_wall":71,"minecraft:stone_hoe":1,"soulsweapons:bluemoon_greatsword":2,"iceandfire:silver_axe":1,"minecraft:cooked_beef":104,"minecraft:emerald":88,"minecraft:birch_planks":12,"minecraft:air":0,"minecraft:stick":120,"minecraft:iron_ingot":4,"minecraft:acacia_door":3,"minecraft:gold_ingot":9,"minecraft:acacia_planks":12,"minecraft:torch":168},"minecraft:broken":{"minecraft:chainmail_leggings":1,"minecraft:iron_leggings":1,"iceandfire:armor_copper_metal_chestplate":1,"iceandfire:silver_axe":1,"iceandfire:armor_copper_metal_boots":1,"iceandfire:armor_copper_metal_helmet":2},"minecraft:killed_by":{"minecraft:husk":1,"minecraft:zombie":4},"minecraft:used":{"vanillaplustools:stone_hammer":63,"minecraft:netherrack":18,"minecraft:stone_hoe":3,"minecraft:torch":193,"iceandfire:armor_copper_metal_boots":1,"minecraft:dirt":26,"minecraft:anvil":1,"scalinghealth:heart_crystal":18,"minecraft:cobblestone_wall":57,"minecraft:tuff":4,"born_in_chaos_v1:corpse_maggot":2,"rats:cooked_rat":1,"iceandfire:armor_copper_metal_helmet":1,"minecraft:oak_sapling":7,"tombstone:gift":6,"minecraft:cooked_beef":88,"minecraft:cobbled_deepslate":85,"swem:sword_amethyst":167,"minecraft:iron_leggings":1,"minecraft:wheat_seeds":259,"minecraft:water_bucket":11,"minecraft:baked_potato":1,"scalinghealth:chance_heart":2,"minecraft:cobblestone_slab":18,"soulsweapons:bluemoon_greatsword":1,"soulsweapons:bluemoon_shortsword":33,"iceandfire:silver_axe":327,"minecraft:diamond_pickaxe":108,"iceandfire:armor_copper_metal_chestplate":1,"minecraft:acacia_door":4,"scalinghealth:enchanted_heart":1,"minecraft:iron_pickaxe":5,"minecraft:lectern":1,"tombstone:magic_scroll":1,"spartanshields:diamond_tower_shield":123,"minecraft:cobblestone":96,"travelersbackpack:standard":15,"minecraft:bucket":10},"minecraft:custom":{"minecraft:interact_with_smithing_table":3,"minecraft:mob_kills":165,"minecraft:interact_with_anvil":4,"minecraft:animals_bred":73,"minecraft:interact_with_crafting_table":37,"goblintraders:trade_with_goblin":88,"minecraft:damage_dealt_resisted":3492,"minecraft:leave_game":7,"minecraft:time_since_death":39060,"minecraft:sprint_one_cm":635611,"minecraft:walk_one_cm":847200,"minecraft:damage_blocked_by_shield":5646,"minecraft:drop":77,"minecraft:play_time":370353,"minecraft:deaths":17,"minecraft:sneak_time":12773,"minecraft:walk_under_water_one_cm":80193,"minecraft:jump":2685,"minecraft:interact_with_blast_furnace":11,"minecraft:walk_on_water_one_cm":61630,"minecraft:enchant_item":9,"minecraft:total_world_time":370353,"tombstone:steal_effect":1,"minecraft:interact_with_furnace":5,"spartanshields:shield_bash_hits":2,"minecraft:interact_with_stonecutter":5,"minecraft:time_since_rest":38330,"minecraft:damage_taken":20257,"tombstone:sneak_grave":7,"minecraft:damage_dealt":46468,"minecraft:swim_one_cm":31401,"minecraft:fly_one_cm":465349,"minecraft:open_chest":266,"minecraft:crouch_one_cm":35369,"tombstone:undead_killed":73,"minecraft:interact_with_smoker":21,"minecraft:fall_one_cm":50795,"minecraft:horse_one_cm":11990},"minecraft:mined":{"minecraft:large_amethyst_bud":3,"minecraft:oak_sapling":4,"minecraft:budding_amethyst":2,"minecraft:grass_block":1,"minecraft:crimson_roots":1,"minecraft:iron_ore":2,"minecraft:cobbled_deepslate":2,"minecraft:fire":32,"treechop:chopped_log":14,"minecraft:anvil":1,"soulsweapons:moonstone_ore_deepslate":6,"minecraft:cobblestone_slab":17,"minecraft:deepslate_iron_ore":6,"minecraft:small_amethyst_bud":16,"minecraft:stone":244,"soulsweapons:verglas_ore_deepslate":1,"minecraft:medium_amethyst_bud":9,"minecraft:amethyst_cluster":2,"minecraft:torch":4,"minecraft:sculk_sensor":1,"swem:star_worm_cobble":1,"minecraft:copper_ore":1,"minecraft:cobblestone":5,"swem:shining_amethyst_cluster":2,"minecraft:sculk":1,"minecraft:wall_torch":14,"minecraft:amethyst_block":4,"minecraft:cobblestone_wall":25,"minecraft:nether_wart_block":1,"minecraft:wheat":131,"minecraft:grass":9,"minecraft:oak_log":1,"minecraft:coal_ore":63,"minecraft:gravel":1,"minecraft:acacia_door":2,"minecraft:dirt":29,"minecraft:netherrack":23,"minecraft:deepslate":133},"minecraft:picked_up":{"born_in_chaos_v1:diamond_termite_shard":1,"minecraft:wheat":152,"minecraft:anvil":1,"soulsweapons:moonstone":14,"minecraft:amethyst_block":30,"minecraft:acacia_door":2,"minecraft:raw_copper":3,"minecraft:wooden_sword":1,"minecraft:iron_leggings":2,"minecraft:cobbled_deepslate":1932,"bosses_of_mass_destruction:soul_star":1,"minecraft:beef":7,"scalinghealth:chance_heart":1,"spartanshields:diamond_tower_shield":3,"minecraft:cobblestone_slab":17,"minecraft:player_head":2,"minecraft:calcite":17,"minecraft:sugar_cane":13,"minecraft:stick":92,"minecraft:raw_iron":16,"minecraft:torch":26,"minecraft:acacia_log":43,"tombstone:grave_dust":2,"minecraft:carrot":1,"minecraft:redstone":1,"swem:sword_amethyst":11,"minecraft:arrow":18,"minecraft:rotten_flesh":111,"swem:alfalfa_seeds":1,"mowziesmobs:umvuthana_mask_bliss":1,"soulsweapons:bluemoon_greatsword":1,"minecraft:gold_ingot":3,"scalinghealth:power_crystal":2,"born_in_chaos_v1:fused_bone":3,"minecraft:cobblestone":376,"born_in_chaos_v1:corpse_maggot":8,"swem:timothy_seeds":2,"minecraft:cooked_beef":40,"minecraft:leather":5,"majruszsdifficulty:tattered_helmet":1,"vanillaplustools:diamond_hammer":1,"minecraft:flint":2,"minecraft:tuff":47,"minecraft:oak_log":44,"jeg:scrap":25,"minecraft:cobblestone_wall":17,"scalinghealth:heart_crystal":21,"skilltree:gem":7,"minecraft:dirt":2,"minecraft:bone":17,"minecraft:apple":3,"minecraft:bow":1,"minecraft:wheat_seeds":458,"minecraft:raw_gold":4,"minecraft:iron_ingot":1,"portablemobs:master_capture_cell":1,"swem:oat_seeds":3,"jeg:tech_trash":2,"minecraft:acacia_sapling":16,"minecraft:smooth_basalt":7,"minecraft:quartz":25,"minecraft:gravel":34,"minecraft:amethyst_shard":30,"scalinghealth:enchanted_heart":1,"swem:shining_amethyst_shard":8,"travelersbackpack:standard":2,"minecraft:sculk_sensor":1,"born_in_chaos_v1:fire_dust":2,"minecraft:diamond":17,"minecraft:chainmail_leggings":1,"soulsweapons:verglas":4,"minecraft:emerald":41,"minecraft:netherrack":4045,"tombstone:magic_scroll":1,"minecraft:oak_sapling":24,"minecraft:coal":61,"minecraft:diamond_pickaxe":1},"minecraft:dropped":{"minecraft:stone_hoe":1,"minecraft:iron_ingot":1,"minecraft:wheat_seeds":1,"minecraft:cooked_beef":33,"soulsweapons:bluemoon_greatsword":1,"scalinghealth:heart_crystal_shard":5,"iceandfire:armor_copper_metal_chestplate":1,"jeg:scrap":3,"scalinghealth:heart_crystal":6,"tombstone:magic_scroll":1,"mowziesmobs:umvuthana_mask_bliss":2,"born_in_chaos_v1:fused_bone":3,"iceandfire:armor_copper_metal_boots":1,"tombstone:grave_dust":2,"minecraft:iron_leggings":1,"minecraft:chain":1,"minecraft:gold_nugget":6,"spartanshields:diamond_tower_shield":2,"minecraft:bone":20,"minecraft:smooth_basalt":9,"minecraft:gravel":3,"minecraft:player_head":2,"vanillaplustools:stone_shovel":1,"born_in_chaos_v1:fire_dust":2,"minecraft:cobbled_deepslate":15,"born_in_chaos_v1:ethereal_spirit":1,"minecraft:stone_shovel":1,"minecraft:rotten_flesh":77,"scalinghealth:power_crystal_shard":12,"alexsmobs:blood_sac":2,"minecraft:tipped_arrow":2,"minecraft:diamond_pickaxe":1,"born_in_chaos_v1:corpse_maggot":9,"minecraft:arrow":22,"iceandfire:armor_copper_metal_leggings":1,"minecraft:netherrack":128,"swem:sword_amethyst":10}},"DataVersion":3465}