{"stats":{"minecraft:killed":{"minecraft:skeleton":4,"minecraft:zombie":3,"minecraft:cow":52},"minecraft:picked_up":{"swem:timothy_seeds":2,"minecraft:wheat":118,"minecraft:leather":5,"vanillaplustools:diamond_hammer":1,"minecraft:flint":1,"minecraft:oak_log":44,"jeg:scrap":22,"scalinghealth:heart_crystal":1,"skilltree:gem":1,"minecraft:dirt":2,"minecraft:iron_leggings":2,"minecraft:bone":3,"minecraft:apple":3,"minecraft:wheat_seeds":325,"minecraft:cobbled_deepslate":977,"minecraft:beef":7,"spartanshields:diamond_tower_shield":2,"swem:oat_seeds":3,"minecraft:acacia_sapling":16,"jeg:tech_trash":1,"minecraft:stick":92,"minecraft:torch":4,"minecraft:acacia_log":43,"minecraft:gravel":22,"tombstone:grave_dust":2,"swem:sword_amethyst":4,"travelersbackpack:standard":1,"minecraft:arrow":2,"minecraft:rotten_flesh":5,"swem:alfalfa_seeds":1,"soulsweapons:bluemoon_greatsword":1,"soulsweapons:verglas":3,"scalinghealth:power_crystal":2,"minecraft:oak_sapling":24,"minecraft:coal":34,"minecraft:cobblestone":198},"minecraft:used":{"minecraft:wheat_seeds":128,"minecraft:water_bucket":4,"scalinghealth:chance_heart":1,"vanillaplustools:stone_hammer":11,"minecraft:stone_hoe":3,"minecraft:torch":15,"soulsweapons:bluemoon_greatsword":1,"minecraft:dirt":26,"scalinghealth:heart_crystal":1,"soulsweapons:bluemoon_shortsword":33,"iceandfire:silver_axe":327,"minecraft:iron_pickaxe":5,"minecraft:cobblestone":47,"rats:cooked_rat":1,"travelersbackpack:standard":5,"minecraft:oak_sapling":7,"minecraft:bucket":4,"tombstone:gift":2,"minecraft:cooked_beef":35,"swem:sword_amethyst":2,"minecraft:iron_leggings":1},"minecraft:dropped":{"minecraft:stone_hoe":1,"minecraft:wheat_seeds":1,"minecraft:cooked_beef":3,"minecraft:cobbled_deepslate":15,"soulsweapons:bluemoon_greatsword":1,"minecraft:stone_shovel":1,"minecraft:iron_leggings":1,"spartanshields:diamond_tower_shield":1,"iceandfire:armor_copper_metal_leggings":1,"swem:sword_amethyst":3,"minecraft:smooth_basalt":9},"minecraft:broken":{"iceandfire:silver_axe":1},"minecraft:killed_by":{"minecraft:zombie":2},"minecraft:crafted":{"soulsweapons:bluemoon_greatsword":2,"iceandfire:silver_axe":1,"minecraft:cooked_beef":75,"minecraft:oak_planks":28,"minecraft:stone_shovel":3,"minecraft:emerald":25,"vanillaplustools:stone_hammer":9,"minecraft:birch_planks":12,"minecraft:air":0,"minecraft:stick":120,"minecraft:iron_ingot":4,"minecraft:stone_pickaxe":78,"minecraft:gold_ingot":9,"minecraft:torch":64,"minecraft:stone_hoe":1},"minecraft:mined":{"minecraft:oak_sapling":4,"minecraft:torch":1,"minecraft:grass_block":1,"minecraft:wall_torch":1,"minecraft:wheat":126,"minecraft:cobbled_deepslate":1,"treechop:chopped_log":14,"minecraft:grass":6,"minecraft:oak_log":1,"minecraft:coal_ore":35,"minecraft:gravel":1,"minecraft:dirt":25,"minecraft:stone":39,"minecraft:deepslate":2},"minecraft:custom":{"minecraft:interact_with_furnace":5,"minecraft:mob_kills":59,"minecraft:interact_with_anvil":1,"minecraft:animals_bred":54,"minecraft:interact_with_crafting_table":30,"goblintraders:trade_with_goblin":25,"minecraft:leave_game":3,"minecraft:time_since_death":69035,"minecraft:time_since_rest":68830,"minecraft:sprint_one_cm":220735,"minecraft:damage_taken":4049,"minecraft:walk_one_cm":276236,"tombstone:sneak_grave":7,"minecraft:drop":16,"minecraft:damage_dealt":13723,"minecraft:swim_one_cm":11498,"minecraft:fly_one_cm":178464,"minecraft:open_chest":171,"minecraft:crouch_one_cm":8721,"minecraft:play_time":128688,"tombstone:undead_killed":7,"minecraft:deaths":4,"minecraft:sneak_time":3476,"minecraft:walk_under_water_one_cm":67059,"minecraft:jump":1036,"minecraft:interact_with_blast_furnace":8,"minecraft:walk_on_water_one_cm":34239,"minecraft:enchant_item":5,"minecraft:interact_with_smoker":13,"minecraft:total_world_time":128688,"minecraft:fall_one_cm":10206,"minecraft:horse_one_cm":11990,"minecraft:interact_with_smithing_table":2}},"DataVersion":3465}