{"stats":{"minecraft:crafted":{"soulsweapons:bluemoon_greatsword":2,"iceandfire:silver_axe":1,"minecraft:cooked_beef":104,"minecraft:oak_planks":28,"minecraft:stone_shovel":3,"minecraft:emerald":25,"vanillaplustools:stone_hammer":9,"minecraft:birch_planks":12,"iceandfire:armor_copper_metal_boots":1,"minecraft:air":0,"iceandfire:armor_copper_metal_helmet":1,"minecraft:stick":120,"minecraft:iron_ingot":4,"iceandfire:armor_copper_metal_chestplate":1,"minecraft:stone_pickaxe":78,"minecraft:gold_ingot":9,"minecraft:torch":112,"minecraft:stone_hoe":1},"minecraft:picked_up":{"born_in_chaos_v1:corpse_maggot":5,"swem:timothy_seeds":2,"minecraft:wheat":118,"minecraft:leather":5,"vanillaplustools:diamond_hammer":1,"minecraft:flint":1,"minecraft:tuff":23,"minecraft:oak_log":44,"jeg:scrap":22,"scalinghealth:heart_crystal":8,"skilltree:gem":1,"minecraft:dirt":2,"minecraft:wooden_sword":1,"minecraft:iron_leggings":2,"minecraft:bone":15,"minecraft:apple":3,"minecraft:wheat_seeds":325,"minecraft:cobbled_deepslate":1153,"minecraft:raw_gold":4,"minecraft:iron_ingot":1,"minecraft:beef":7,"scalinghealth:chance_heart":1,"spartanshields:diamond_tower_shield":3,"swem:oat_seeds":3,"minecraft:acacia_sapling":16,"jeg:tech_trash":1,"minecraft:raw_iron":1,"minecraft:stick":92,"minecraft:torch":9,"minecraft:acacia_log":43,"minecraft:gravel":24,"scalinghealth:enchanted_heart":1,"tombstone:grave_dust":2,"minecraft:carrot":1,"swem:sword_amethyst":9,"travelersbackpack:standard":1,"minecraft:arrow":18,"minecraft:rotten_flesh":109,"swem:alfalfa_seeds":1,"soulsweapons:bluemoon_greatsword":1,"soulsweapons:verglas":3,"minecraft:gold_ingot":1,"scalinghealth:power_crystal":2,"tombstone:magic_scroll":1,"minecraft:oak_sapling":24,"minecraft:coal":34,"minecraft:cobblestone":198,"minecraft:diamond_pickaxe":1},"minecraft:killed":{"minecraft:husk":1,"minecraft:zombie_villager":1,"born_in_chaos_v1:maggot":10,"minecraft:skeleton":8,"minecraft:zombie":22,"minecraft:cow":52},"minecraft:dropped":{"minecraft:stone_hoe":1,"minecraft:wheat_seeds":1,"minecraft:cooked_beef":24,"minecraft:cobbled_deepslate":15,"soulsweapons:bluemoon_greatsword":1,"minecraft:stone_shovel":1,"iceandfire:armor_copper_metal_chestplate":1,"minecraft:rotten_flesh":68,"tombstone:magic_scroll":1,"scalinghealth:heart_crystal":1,"minecraft:diamond_pickaxe":1,"iceandfire:armor_copper_metal_boots":1,"minecraft:iron_leggings":1,"spartanshields:diamond_tower_shield":2,"iceandfire:armor_copper_metal_leggings":1,"swem:sword_amethyst":8,"minecraft:smooth_basalt":9},"minecraft:mined":{"minecraft:oak_sapling":4,"minecraft:torch":2,"minecraft:grass_block":1,"minecraft:wall_torch":5,"minecraft:fire":3,"minecraft:cobbled_deepslate":1,"minecraft:wheat":126,"treechop:chopped_log":14,"minecraft:grass":6,"soulsweapons:moonstone_ore_deepslate":1,"minecraft:coal_ore":35,"minecraft:oak_log":1,"minecraft:deepslate_iron_ore":1,"minecraft:gravel":1,"minecraft:dirt":25,"minecraft:stone":39,"minecraft:deepslate":2},"minecraft:used":{"minecraft:wheat_seeds":128,"minecraft:water_bucket":5,"scalinghealth:chance_heart":2,"vanillaplustools:stone_hammer":11,"minecraft:stone_hoe":3,"minecraft:torch":82,"soulsweapons:bluemoon_greatsword":1,"iceandfire:armor_copper_metal_boots":1,"minecraft:dirt":26,"scalinghealth:heart_crystal":5,"soulsweapons:bluemoon_shortsword":33,"iceandfire:silver_axe":327,"minecraft:tuff":4,"born_in_chaos_v1:corpse_maggot":2,"minecraft:diamond_pickaxe":2,"iceandfire:armor_copper_metal_chestplate":1,"scalinghealth:enchanted_heart":1,"minecraft:iron_pickaxe":5,"spartanshields:diamond_tower_shield":19,"minecraft:cobblestone":47,"travelersbackpack:standard":8,"rats:cooked_rat":1,"tombstone:gift":6,"iceandfire:armor_copper_metal_helmet":1,"minecraft:cooked_beef":44,"minecraft:oak_sapling":7,"minecraft:bucket":5,"swem:sword_amethyst":53,"minecraft:iron_leggings":1},"minecraft:broken":{"iceandfire:silver_axe":1,"iceandfire:armor_copper_metal_helmet":1},"minecraft:custom":{"minecraft:interact_with_furnace":5,"spartanshields:shield_bash_hits":1,"minecraft:interact_with_anvil":3,"minecraft:mob_kills":94,"minecraft:animals_bred":67,"minecraft:interact_with_crafting_table":34,"goblintraders:trade_with_goblin":25,"minecraft:damage_dealt_resisted":1980,"minecraft:leave_game":5,"minecraft:time_since_death":5946,"minecraft:time_since_rest":5697,"minecraft:sprint_one_cm":295798,"minecraft:damage_taken":6716,"minecraft:walk_one_cm":412884,"minecraft:damage_blocked_by_shield":1492,"tombstone:sneak_grave":7,"minecraft:drop":30,"minecraft:damage_dealt":25538,"minecraft:swim_one_cm":11498,"minecraft:fly_one_cm":216108,"minecraft:open_chest":203,"minecraft:crouch_one_cm":8860,"minecraft:play_time":177184,"tombstone:undead_killed":32,"minecraft:deaths":8,"minecraft:sneak_time":3781,"minecraft:walk_under_water_one_cm":67827,"minecraft:jump":1278,"minecraft:interact_with_blast_furnace":10,"tombstone:steal_effect":1,"minecraft:walk_on_water_one_cm":46675,"minecraft:enchant_item":7,"minecraft:total_world_time":177184,"minecraft:interact_with_smoker":21,"minecraft:interact_with_smithing_table":2,"minecraft:fall_one_cm":10968,"minecraft:horse_one_cm":11990},"minecraft:killed_by":{"minecraft:zombie":3}},"DataVersion":3465}