{"stats":{"minecraft:killed":{"born_in_chaos_v1:maggot":15,"minecraft:skeleton":13,"minecraft:drowned":2,"minecraft:husk":1,"born_in_chaos_v1:diamond_termite":2,"minecraft:zombie_villager":1,"mowziesmobs:umvuthana_follower_raptor":2,"minecraft:zombie":37,"born_in_chaos_v1:corpse_fly":3,"minecraft:stray":2,"minecraft:cow":52},"minecraft:crafted":{"minecraft:oak_planks":28,"minecraft:stone_shovel":3,"vanillaplustools:stone_hammer":9,"iceandfire:armor_copper_metal_helmet":1,"iceandfire:armor_copper_metal_boots":1,"minecraft:stone_pickaxe":78,"iceandfire:armor_copper_metal_chestplate":1,"minecraft:stone_hoe":1,"soulsweapons:bluemoon_greatsword":2,"iceandfire:silver_axe":1,"minecraft:cooked_beef":104,"minecraft:emerald":25,"minecraft:birch_planks":12,"minecraft:air":0,"minecraft:stick":120,"minecraft:iron_ingot":4,"minecraft:gold_ingot":9,"minecraft:torch":168},"minecraft:broken":{"minecraft:iron_leggings":1,"iceandfire:silver_axe":1,"iceandfire:armor_copper_metal_boots":1,"iceandfire:armor_copper_metal_helmet":2},"minecraft:killed_by":{"minecraft:husk":1,"minecraft:zombie":4},"minecraft:used":{"vanillaplustools:stone_hammer":38,"minecraft:stone_hoe":3,"minecraft:torch":179,"iceandfire:armor_copper_metal_boots":1,"minecraft:dirt":26,"minecraft:anvil":1,"scalinghealth:heart_crystal":15,"minecraft:tuff":4,"born_in_chaos_v1:corpse_maggot":2,"rats:cooked_rat":1,"iceandfire:armor_copper_metal_helmet":1,"minecraft:oak_sapling":7,"tombstone:gift":6,"minecraft:cooked_beef":65,"minecraft:cobbled_deepslate":32,"swem:sword_amethyst":120,"minecraft:iron_leggings":1,"minecraft:wheat_seeds":128,"minecraft:water_bucket":10,"minecraft:baked_potato":1,"scalinghealth:chance_heart":2,"soulsweapons:bluemoon_greatsword":1,"soulsweapons:bluemoon_shortsword":33,"iceandfire:silver_axe":327,"minecraft:diamond_pickaxe":61,"iceandfire:armor_copper_metal_chestplate":1,"scalinghealth:enchanted_heart":1,"minecraft:iron_pickaxe":5,"spartanshields:diamond_tower_shield":52,"minecraft:cobblestone":51,"travelersbackpack:standard":9,"minecraft:bucket":10},"minecraft:custom":{"minecraft:interact_with_smithing_table":2,"minecraft:mob_kills":134,"minecraft:interact_with_anvil":3,"minecraft:animals_bred":73,"minecraft:interact_with_crafting_table":35,"goblintraders:trade_with_goblin":25,"minecraft:damage_dealt_resisted":2495,"minecraft:leave_game":7,"minecraft:time_since_death":6030,"minecraft:sprint_one_cm":438286,"minecraft:walk_one_cm":642051,"minecraft:damage_blocked_by_shield":3869,"minecraft:drop":44,"minecraft:play_time":260037,"minecraft:deaths":10,"minecraft:sneak_time":7377,"minecraft:walk_under_water_one_cm":73019,"minecraft:jump":2177,"minecraft:interact_with_blast_furnace":11,"minecraft:walk_on_water_one_cm":59759,"minecraft:enchant_item":9,"minecraft:total_world_time":260037,"tombstone:steal_effect":1,"minecraft:interact_with_furnace":5,"spartanshields:shield_bash_hits":2,"minecraft:time_since_rest":1,"minecraft:damage_taken":10807,"tombstone:sneak_grave":7,"minecraft:damage_dealt":36380,"minecraft:swim_one_cm":18484,"minecraft:fly_one_cm":351707,"minecraft:open_chest":239,"minecraft:crouch_one_cm":21087,"tombstone:undead_killed":56,"minecraft:interact_with_smoker":21,"minecraft:fall_one_cm":25971,"minecraft:horse_one_cm":11990},"minecraft:mined":{"minecraft:large_amethyst_bud":3,"minecraft:oak_sapling":4,"minecraft:budding_amethyst":2,"minecraft:grass_block":1,"minecraft:cobbled_deepslate":1,"minecraft:fire":21,"treechop:chopped_log":14,"minecraft:anvil":1,"soulsweapons:moonstone_ore_deepslate":6,"minecraft:deepslate_iron_ore":6,"minecraft:small_amethyst_bud":16,"minecraft:stone":99,"soulsweapons:verglas_ore_deepslate":1,"minecraft:medium_amethyst_bud":9,"minecraft:amethyst_cluster":2,"minecraft:torch":3,"minecraft:sculk_sensor":1,"minecraft:copper_ore":1,"minecraft:cobblestone":2,"swem:shining_amethyst_cluster":2,"minecraft:sculk":1,"minecraft:wall_torch":13,"minecraft:amethyst_block":4,"minecraft:wheat":126,"minecraft:grass":9,"minecraft:oak_log":1,"minecraft:coal_ore":63,"minecraft:gravel":1,"minecraft:dirt":25,"minecraft:deepslate":133},"minecraft:picked_up":{"born_in_chaos_v1:diamond_termite_shard":1,"minecraft:wheat":118,"minecraft:anvil":1,"soulsweapons:moonstone":14,"minecraft:amethyst_block":30,"minecraft:raw_copper":3,"minecraft:wooden_sword":1,"minecraft:iron_leggings":2,"minecraft:cobbled_deepslate":1931,"bosses_of_mass_destruction:soul_star":1,"minecraft:beef":7,"scalinghealth:chance_heart":1,"spartanshields:diamond_tower_shield":3,"minecraft:calcite":17,"minecraft:stick":92,"minecraft:raw_iron":14,"minecraft:torch":20,"minecraft:acacia_log":43,"tombstone:grave_dust":2,"minecraft:carrot":1,"minecraft:redstone":1,"swem:sword_amethyst":9,"minecraft:arrow":18,"minecraft:rotten_flesh":109,"swem:alfalfa_seeds":1,"mowziesmobs:umvuthana_mask_bliss":1,"soulsweapons:bluemoon_greatsword":1,"minecraft:gold_ingot":1,"scalinghealth:power_crystal":2,"minecraft:cobblestone":252,"born_in_chaos_v1:corpse_maggot":5,"swem:timothy_seeds":2,"minecraft:leather":5,"majruszsdifficulty:tattered_helmet":1,"vanillaplustools:diamond_hammer":1,"minecraft:flint":2,"minecraft:tuff":47,"minecraft:oak_log":44,"jeg:scrap":25,"scalinghealth:heart_crystal":21,"skilltree:gem":6,"minecraft:dirt":2,"minecraft:bone":17,"minecraft:apple":3,"minecraft:wheat_seeds":325,"minecraft:raw_gold":4,"minecraft:iron_ingot":1,"swem:oat_seeds":3,"jeg:tech_trash":2,"minecraft:acacia_sapling":16,"minecraft:smooth_basalt":7,"minecraft:gravel":28,"minecraft:amethyst_shard":30,"scalinghealth:enchanted_heart":1,"swem:shining_amethyst_shard":8,"travelersbackpack:standard":1,"minecraft:sculk_sensor":1,"minecraft:diamond":17,"minecraft:chainmail_leggings":1,"soulsweapons:verglas":4,"tombstone:magic_scroll":1,"minecraft:oak_sapling":24,"minecraft:coal":61,"minecraft:diamond_pickaxe":1},"minecraft:dropped":{"minecraft:stone_hoe":1,"minecraft:iron_ingot":1,"minecraft:wheat_seeds":1,"minecraft:cooked_beef":24,"soulsweapons:bluemoon_greatsword":1,"scalinghealth:heart_crystal_shard":5,"iceandfire:armor_copper_metal_chestplate":1,"jeg:scrap":3,"scalinghealth:heart_crystal":6,"tombstone:magic_scroll":1,"mowziesmobs:umvuthana_mask_bliss":2,"iceandfire:armor_copper_metal_boots":1,"tombstone:grave_dust":2,"minecraft:iron_leggings":1,"spartanshields:diamond_tower_shield":2,"minecraft:bone":15,"minecraft:smooth_basalt":9,"minecraft:gravel":3,"minecraft:cobbled_deepslate":15,"minecraft:stone_shovel":1,"minecraft:rotten_flesh":71,"scalinghealth:power_crystal_shard":12,"minecraft:tipped_arrow":2,"minecraft:diamond_pickaxe":1,"born_in_chaos_v1:corpse_maggot":6,"minecraft:arrow":20,"iceandfire:armor_copper_metal_leggings":1,"swem:sword_amethyst":8}},"DataVersion":3465}