{"stats":{"minecraft:killed":{"minecraft:skeleton":4,"minecraft:zombie":1,"minecraft:cow":52},"minecraft:used":{"minecraft:water_bucket":2,"minecraft:iron_pickaxe":4,"scalinghealth:chance_heart":1,"minecraft:torch":15,"minecraft:cobblestone":7,"rats:cooked_rat":1,"soulsweapons:bluemoon_shortsword":33,"scalinghealth:heart_crystal":1,"travelersbackpack:standard":5,"minecraft:bucket":1,"minecraft:cooked_beef":22,"iceandfire:silver_axe":230},"minecraft:picked_up":{"minecraft:stick":77,"minecraft:wheat":1,"minecraft:leather":5,"minecraft:torch":4,"vanillaplustools:diamond_hammer":1,"minecraft:gravel":22,"minecraft:flint":1,"jeg:scrap":22,"scalinghealth:heart_crystal":1,"skilltree:gem":1,"travelersbackpack:standard":1,"minecraft:bone":3,"minecraft:arrow":2,"minecraft:rotten_flesh":1,"minecraft:wheat_seeds":4,"minecraft:cobbled_deepslate":977,"minecraft:beef":7,"spartanshields:diamond_tower_shield":2,"soulsweapons:bluemoon_greatsword":1,"soulsweapons:verglas":3,"scalinghealth:power_crystal":2,"jeg:tech_trash":1,"minecraft:cobblestone":162},"minecraft:dropped":{"minecraft:stone_hoe":1,"minecraft:wheat_seeds":1,"minecraft:cooked_beef":3,"minecraft:cobbled_deepslate":15,"soulsweapons:bluemoon_greatsword":1,"minecraft:stone_shovel":1,"spartanshields:diamond_tower_shield":1,"minecraft:smooth_basalt":9},"minecraft:broken":{"iceandfire:silver_axe":1},"minecraft:killed_by":{"minecraft:zombie":2},"minecraft:crafted":{"soulsweapons:bluemoon_greatsword":2,"iceandfire:silver_axe":1,"minecraft:cooked_beef":75,"minecraft:oak_planks":28,"minecraft:stone_shovel":3,"vanillaplustools:stone_hammer":9,"minecraft:stick":120,"minecraft:iron_ingot":4,"minecraft:stone_pickaxe":78,"minecraft:gold_ingot":9,"minecraft:stone_hoe":1,"minecraft:birch_planks":12,"minecraft:torch":28},"minecraft:mined":{"minecraft:cobbled_deepslate":1,"minecraft:torch":1,"minecraft:gravel":1,"minecraft:wall_torch":1,"minecraft:deepslate":2},"minecraft:custom":{"minecraft:interact_with_furnace":4,"minecraft:sprint_one_cm":115443,"minecraft:damage_taken":3719,"minecraft:walk_one_cm":173262,"minecraft:interact_with_anvil":1,"minecraft:mob_kills":57,"minecraft:drop":11,"minecraft:animals_bred":34,"minecraft:damage_dealt":13237,"minecraft:interact_with_crafting_table":25,"minecraft:swim_one_cm":382,"minecraft:fly_one_cm":101124,"minecraft:open_chest":118,"minecraft:crouch_one_cm":3648,"minecraft:play_time":86572,"tombstone:undead_killed":5,"minecraft:deaths":4,"minecraft:sneak_time":1589,"minecraft:walk_under_water_one_cm":53296,"minecraft:jump":629,"minecraft:interact_with_blast_furnace":7,"minecraft:leave_game":3,"minecraft:time_since_death":26919,"minecraft:walk_on_water_one_cm":24963,"minecraft:enchant_item":2,"minecraft:total_world_time":86572,"minecraft:interact_with_smoker":11,"minecraft:fall_one_cm":3668,"minecraft:interact_with_smithing_table":2,"minecraft:time_since_rest":26714}},"DataVersion":3465}