{"stats":{"minecraft:killed":{"minecraft:husk":1,"born_in_chaos_v1:maggot":6,"minecraft:skeleton":8,"minecraft:zombie":16,"minecraft:cow":52},"minecraft:picked_up":{"born_in_chaos_v1:corpse_maggot":5,"swem:timothy_seeds":2,"minecraft:wheat":118,"minecraft:leather":5,"vanillaplustools:diamond_hammer":1,"minecraft:flint":1,"minecraft:tuff":23,"minecraft:oak_log":44,"jeg:scrap":22,"scalinghealth:heart_crystal":4,"skilltree:gem":1,"minecraft:dirt":2,"minecraft:iron_leggings":2,"minecraft:bone":15,"minecraft:apple":3,"minecraft:wheat_seeds":325,"minecraft:cobbled_deepslate":1061,"minecraft:iron_ingot":1,"minecraft:beef":7,"spartanshields:diamond_tower_shield":3,"swem:oat_seeds":3,"minecraft:acacia_sapling":16,"jeg:tech_trash":1,"minecraft:raw_iron":1,"minecraft:stick":92,"minecraft:torch":7,"minecraft:acacia_log":43,"minecraft:gravel":23,"scalinghealth:enchanted_heart":1,"tombstone:grave_dust":2,"minecraft:carrot":1,"swem:sword_amethyst":8,"travelersbackpack:standard":1,"minecraft:arrow":18,"minecraft:rotten_flesh":94,"minecraft:diamond_pickaxe":1,"swem:alfalfa_seeds":1,"soulsweapons:bluemoon_greatsword":1,"soulsweapons:verglas":3,"scalinghealth:power_crystal":2,"tombstone:magic_scroll":1,"minecraft:oak_sapling":24,"minecraft:coal":34,"minecraft:cobblestone":198},"minecraft:used":{"minecraft:wheat_seeds":128,"minecraft:water_bucket":5,"scalinghealth:chance_heart":1,"vanillaplustools:stone_hammer":11,"minecraft:stone_hoe":3,"minecraft:torch":42,"iceandfire:armor_copper_metal_boots":1,"soulsweapons:bluemoon_greatsword":1,"minecraft:dirt":26,"scalinghealth:heart_crystal":3,"soulsweapons:bluemoon_shortsword":33,"iceandfire:silver_axe":327,"minecraft:tuff":4,"born_in_chaos_v1:corpse_maggot":2,"minecraft:diamond_pickaxe":2,"iceandfire:armor_copper_metal_chestplate":1,"scalinghealth:enchanted_heart":1,"minecraft:iron_pickaxe":5,"spartanshields:diamond_tower_shield":16,"minecraft:cobblestone":47,"travelersbackpack:standard":6,"rats:cooked_rat":1,"iceandfire:armor_copper_metal_helmet":1,"minecraft:oak_sapling":7,"minecraft:bucket":5,"tombstone:gift":4,"swem:sword_amethyst":37,"minecraft:cooked_beef":42,"minecraft:iron_leggings":1},"minecraft:dropped":{"minecraft:stone_hoe":1,"minecraft:wheat_seeds":1,"minecraft:cooked_beef":24,"minecraft:cobbled_deepslate":15,"soulsweapons:bluemoon_greatsword":1,"minecraft:stone_shovel":1,"iceandfire:armor_copper_metal_chestplate":1,"minecraft:rotten_flesh":68,"scalinghealth:heart_crystal":1,"tombstone:magic_scroll":1,"minecraft:diamond_pickaxe":1,"iceandfire:armor_copper_metal_boots":1,"minecraft:iron_leggings":1,"spartanshields:diamond_tower_shield":2,"iceandfire:armor_copper_metal_leggings":1,"swem:sword_amethyst":7,"minecraft:smooth_basalt":9},"minecraft:broken":{"iceandfire:silver_axe":1,"iceandfire:armor_copper_metal_helmet":1},"minecraft:killed_by":{"minecraft:zombie":3},"minecraft:crafted":{"soulsweapons:bluemoon_greatsword":2,"iceandfire:silver_axe":1,"minecraft:cooked_beef":93,"minecraft:oak_planks":28,"minecraft:stone_shovel":3,"minecraft:emerald":25,"vanillaplustools:stone_hammer":9,"minecraft:birch_planks":12,"iceandfire:armor_copper_metal_helmet":1,"minecraft:air":0,"iceandfire:armor_copper_metal_boots":1,"minecraft:stick":120,"minecraft:iron_ingot":4,"iceandfire:armor_copper_metal_chestplate":1,"minecraft:stone_pickaxe":78,"minecraft:gold_ingot":9,"minecraft:torch":64,"minecraft:stone_hoe":1},"minecraft:mined":{"minecraft:oak_sapling":4,"minecraft:torch":1,"minecraft:grass_block":1,"minecraft:wall_torch":2,"minecraft:wheat":126,"minecraft:cobbled_deepslate":1,"minecraft:fire":2,"treechop:chopped_log":14,"minecraft:grass":6,"soulsweapons:moonstone_ore_deepslate":1,"minecraft:oak_log":1,"minecraft:coal_ore":35,"minecraft:deepslate_iron_ore":1,"minecraft:gravel":1,"minecraft:dirt":25,"minecraft:stone":39,"minecraft:deepslate":2},"minecraft:custom":{"minecraft:interact_with_furnace":5,"spartanshields:shield_bash_hits":1,"minecraft:interact_with_anvil":3,"minecraft:mob_kills":83,"minecraft:animals_bred":67,"minecraft:interact_with_crafting_table":32,"goblintraders:trade_with_goblin":25,"minecraft:damage_dealt_resisted":1170,"minecraft:leave_game":4,"minecraft:time_since_death":923,"minecraft:time_since_rest":140,"minecraft:sprint_one_cm":278922,"minecraft:damage_taken":6029,"minecraft:walk_one_cm":358800,"minecraft:damage_blocked_by_shield":1492,"tombstone:sneak_grave":7,"minecraft:drop":29,"minecraft:damage_dealt":21909,"minecraft:swim_one_cm":11498,"minecraft:fly_one_cm":210093,"minecraft:open_chest":191,"minecraft:crouch_one_cm":8721,"minecraft:play_time":164121,"tombstone:undead_killed":25,"minecraft:deaths":7,"minecraft:sneak_time":3577,"minecraft:walk_under_water_one_cm":67827,"minecraft:jump":1226,"minecraft:interact_with_blast_furnace":10,"minecraft:walk_on_water_one_cm":43832,"minecraft:enchant_item":7,"minecraft:total_world_time":164121,"minecraft:interact_with_smoker":16,"minecraft:fall_one_cm":10699,"minecraft:interact_with_smithing_table":2,"minecraft:horse_one_cm":11990}},"DataVersion":3465}