{"stats":{"minecraft:killed":{"minecraft:skeleton":4,"minecraft:zombie":1,"minecraft:cow":52},"minecraft:used":{"minecraft:iron_pickaxe":3,"scalinghealth:chance_heart":1,"minecraft:torch":15,"scalinghealth:heart_crystal":1,"soulsweapons:bluemoon_shortsword":33,"rats:cooked_rat":1,"travelersbackpack:standard":5,"iceandfire:silver_axe":230,"minecraft:cooked_beef":14},"minecraft:picked_up":{"minecraft:stick":77,"minecraft:wheat":1,"minecraft:leather":5,"minecraft:torch":4,"vanillaplustools:diamond_hammer":1,"minecraft:gravel":22,"minecraft:flint":1,"jeg:scrap":22,"scalinghealth:heart_crystal":1,"skilltree:gem":1,"travelersbackpack:standard":1,"minecraft:arrow":2,"minecraft:bone":3,"minecraft:rotten_flesh":1,"minecraft:wheat_seeds":4,"minecraft:cobbled_deepslate":962,"minecraft:beef":7,"soulsweapons:bluemoon_greatsword":1,"soulsweapons:verglas":3,"scalinghealth:power_crystal":2,"jeg:tech_trash":1,"minecraft:cobblestone":162},"minecraft:dropped":{"minecraft:stone_hoe":1,"minecraft:wheat_seeds":1,"minecraft:cooked_beef":3,"minecraft:stone_shovel":1,"minecraft:smooth_basalt":9},"minecraft:broken":{"iceandfire:silver_axe":1},"minecraft:killed_by":{"minecraft:zombie":2},"minecraft:crafted":{"minecraft:cooked_beef":75,"iceandfire:silver_axe":1,"minecraft:oak_planks":28,"minecraft:stone_shovel":3,"vanillaplustools:stone_hammer":9,"minecraft:stick":120,"minecraft:iron_ingot":4,"minecraft:stone_pickaxe":78,"minecraft:gold_ingot":9,"minecraft:torch":28,"minecraft:birch_planks":12,"minecraft:stone_hoe":1},"minecraft:mined":{"minecraft:torch":1,"minecraft:gravel":1,"minecraft:deepslate":2,"minecraft:wall_torch":1},"minecraft:custom":{"minecraft:time_since_rest":9195,"minecraft:interact_with_furnace":4,"minecraft:sprint_one_cm":88635,"minecraft:damage_taken":3399,"minecraft:walk_one_cm":152452,"minecraft:interact_with_anvil":1,"minecraft:mob_kills":57,"minecraft:drop":7,"minecraft:animals_bred":34,"minecraft:damage_dealt":13237,"minecraft:interact_with_crafting_table":24,"minecraft:fly_one_cm":89628,"minecraft:open_chest":90,"minecraft:crouch_one_cm":1625,"minecraft:deaths":4,"minecraft:play_time":69053,"tombstone:undead_killed":5,"minecraft:sneak_time":623,"minecraft:walk_under_water_one_cm":49054,"minecraft:jump":582,"minecraft:interact_with_blast_furnace":7,"minecraft:walk_on_water_one_cm":22610,"minecraft:time_since_death":9400,"minecraft:enchant_item":2,"minecraft:interact_with_smoker":11,"minecraft:total_world_time":69053,"minecraft:fall_one_cm":3419,"minecraft:interact_with_smithing_table":2}},"DataVersion":3465}