{"stats":{"minecraft:crafted":{"minecraft:oak_planks":28,"minecraft:stone_shovel":3,"vanillaplustools:stone_hammer":9,"iceandfire:armor_copper_metal_helmet":1,"iceandfire:armor_copper_metal_boots":1,"minecraft:stone_pickaxe":78,"iceandfire:armor_copper_metal_chestplate":1,"minecraft:stone_hoe":1,"soulsweapons:bluemoon_greatsword":2,"iceandfire:silver_axe":1,"minecraft:cooked_beef":104,"minecraft:emerald":25,"minecraft:birch_planks":12,"minecraft:air":0,"minecraft:stick":120,"minecraft:iron_ingot":4,"minecraft:gold_ingot":9,"minecraft:torch":112},"minecraft:picked_up":{"minecraft:wheat":118,"minecraft:anvil":1,"minecraft:amethyst_block":3,"minecraft:wooden_sword":1,"minecraft:iron_leggings":2,"minecraft:cobbled_deepslate":1241,"minecraft:beef":7,"scalinghealth:chance_heart":1,"spartanshields:diamond_tower_shield":3,"minecraft:calcite":6,"minecraft:stick":92,"minecraft:raw_iron":1,"minecraft:torch":16,"minecraft:acacia_log":43,"tombstone:grave_dust":2,"minecraft:carrot":1,"minecraft:redstone":1,"swem:sword_amethyst":9,"minecraft:arrow":18,"minecraft:rotten_flesh":109,"swem:alfalfa_seeds":1,"soulsweapons:bluemoon_greatsword":1,"minecraft:gold_ingot":1,"scalinghealth:power_crystal":2,"minecraft:cobblestone":198,"born_in_chaos_v1:corpse_maggot":5,"swem:timothy_seeds":2,"minecraft:leather":5,"vanillaplustools:diamond_hammer":1,"majruszsdifficulty:tattered_helmet":1,"minecraft:flint":2,"minecraft:tuff":30,"minecraft:oak_log":44,"jeg:scrap":25,"scalinghealth:heart_crystal":8,"skilltree:gem":1,"minecraft:dirt":2,"minecraft:bone":15,"minecraft:apple":3,"minecraft:wheat_seeds":325,"minecraft:raw_gold":4,"minecraft:iron_ingot":1,"swem:oat_seeds":3,"jeg:tech_trash":2,"minecraft:acacia_sapling":16,"minecraft:smooth_basalt":4,"minecraft:gravel":27,"minecraft:amethyst_shard":2,"scalinghealth:enchanted_heart":1,"swem:shining_amethyst_shard":4,"travelersbackpack:standard":1,"soulsweapons:verglas":4,"tombstone:magic_scroll":1,"minecraft:oak_sapling":24,"minecraft:coal":34,"minecraft:diamond_pickaxe":1},"minecraft:killed":{"born_in_chaos_v1:maggot":15,"minecraft:skeleton":13,"minecraft:drowned":1,"minecraft:husk":1,"minecraft:zombie_villager":1,"minecraft:zombie":31,"born_in_chaos_v1:corpse_fly":3,"minecraft:stray":2,"minecraft:cow":52},"minecraft:dropped":{"minecraft:stone_hoe":1,"minecraft:wheat_seeds":1,"minecraft:cooked_beef":24,"soulsweapons:bluemoon_greatsword":1,"iceandfire:armor_copper_metal_chestplate":1,"scalinghealth:heart_crystal":1,"tombstone:magic_scroll":1,"iceandfire:armor_copper_metal_boots":1,"minecraft:iron_leggings":1,"spartanshields:diamond_tower_shield":2,"minecraft:smooth_basalt":9,"minecraft:cobbled_deepslate":15,"minecraft:stone_shovel":1,"minecraft:rotten_flesh":68,"minecraft:diamond_pickaxe":1,"iceandfire:armor_copper_metal_leggings":1,"swem:sword_amethyst":8},"minecraft:mined":{"minecraft:large_amethyst_bud":1,"minecraft:oak_sapling":4,"minecraft:budding_amethyst":2,"minecraft:grass_block":1,"minecraft:cobbled_deepslate":1,"minecraft:fire":16,"treechop:chopped_log":14,"minecraft:anvil":1,"soulsweapons:moonstone_ore_deepslate":1,"minecraft:deepslate_iron_ore":1,"minecraft:small_amethyst_bud":11,"minecraft:stone":39,"soulsweapons:verglas_ore_deepslate":1,"minecraft:medium_amethyst_bud":6,"minecraft:torch":3,"minecraft:cobblestone":2,"swem:shining_amethyst_cluster":1,"minecraft:sculk":1,"minecraft:wall_torch":10,"minecraft:amethyst_block":1,"minecraft:wheat":126,"minecraft:grass":6,"minecraft:oak_log":1,"minecraft:coal_ore":35,"minecraft:gravel":1,"minecraft:dirt":25,"minecraft:deepslate":3},"minecraft:used":{"vanillaplustools:stone_hammer":11,"minecraft:stone_hoe":3,"minecraft:torch":122,"iceandfire:armor_copper_metal_boots":1,"minecraft:dirt":26,"scalinghealth:heart_crystal":10,"minecraft:tuff":4,"born_in_chaos_v1:corpse_maggot":2,"rats:cooked_rat":1,"minecraft:oak_sapling":7,"iceandfire:armor_copper_metal_helmet":1,"tombstone:gift":6,"minecraft:cooked_beef":49,"minecraft:cobbled_deepslate":32,"swem:sword_amethyst":96,"minecraft:iron_leggings":1,"minecraft:wheat_seeds":128,"minecraft:water_bucket":6,"scalinghealth:chance_heart":2,"soulsweapons:bluemoon_greatsword":1,"soulsweapons:bluemoon_shortsword":33,"iceandfire:silver_axe":327,"minecraft:diamond_pickaxe":30,"iceandfire:armor_copper_metal_chestplate":1,"scalinghealth:enchanted_heart":1,"minecraft:iron_pickaxe":5,"spartanshields:diamond_tower_shield":19,"minecraft:cobblestone":47,"travelersbackpack:standard":8,"minecraft:bucket":6},"minecraft:broken":{"iceandfire:silver_axe":1,"iceandfire:armor_copper_metal_helmet":1},"minecraft:custom":{"minecraft:interact_with_smithing_table":2,"minecraft:mob_kills":122,"minecraft:interact_with_anvil":3,"minecraft:animals_bred":67,"minecraft:interact_with_crafting_table":34,"goblintraders:trade_with_goblin":25,"minecraft:damage_dealt_resisted":2361,"minecraft:leave_game":5,"minecraft:time_since_death":29946,"minecraft:sprint_one_cm":354820,"minecraft:walk_one_cm":489175,"minecraft:damage_blocked_by_shield":1492,"minecraft:drop":30,"minecraft:play_time":201184,"minecraft:deaths":8,"minecraft:sneak_time":5952,"minecraft:walk_under_water_one_cm":69712,"minecraft:jump":1658,"minecraft:interact_with_blast_furnace":10,"minecraft:walk_on_water_one_cm":57275,"minecraft:enchant_item":7,"minecraft:total_world_time":201184,"tombstone:steal_effect":1,"minecraft:interact_with_furnace":5,"spartanshields:shield_bash_hits":1,"minecraft:time_since_rest":29697,"minecraft:damage_taken":7240,"tombstone:sneak_grave":7,"minecraft:damage_dealt":32678,"minecraft:swim_one_cm":11886,"minecraft:fly_one_cm":260974,"minecraft:open_chest":203,"minecraft:crouch_one_cm":18304,"tombstone:undead_killed":49,"minecraft:interact_with_smoker":21,"minecraft:fall_one_cm":18626,"minecraft:horse_one_cm":11990},"minecraft:killed_by":{"minecraft:zombie":3}},"DataVersion":3465}