{"stats":{"minecraft:killed":{"born_in_chaos_v1:restless_spirit":1,"born_in_chaos_v1:siamese_skeletonsright":1,"born_in_chaos_v1:firelight":2,"born_in_chaos_v1:maggot":16,"minecraft:skeleton":15,"minecraft:drowned":2,"born_in_chaos_v1:siamese_skeletons":1,"minecraft:husk":1,"born_in_chaos_v1:diamond_termite":2,"minecraft:zombie_villager":1,"mowziesmobs:umvuthana_follower_raptor":2,"alexsmobs:crimson_mosquito":2,"born_in_chaos_v1:decrepit_skeleton":1,"minecraft:zombie":39,"born_in_chaos_v1:corpse_fly":3,"minecraft:stray":2,"born_in_chaos_v1:siamese_skeletonsleft":1,"minecraft:cow":52},"minecraft:crafted":{"minecraft:oak_planks":28,"minecraft:stone_shovel":3,"vanillaplustools:stone_hammer":9,"iceandfire:armor_copper_metal_helmet":1,"iceandfire:armor_copper_metal_boots":1,"minecraft:stone_pickaxe":78,"iceandfire:armor_copper_metal_chestplate":1,"minecraft:stone_hoe":1,"soulsweapons:bluemoon_greatsword":2,"iceandfire:silver_axe":1,"minecraft:cooked_beef":104,"minecraft:emerald":43,"minecraft:birch_planks":12,"minecraft:air":0,"minecraft:stick":120,"minecraft:iron_ingot":4,"minecraft:gold_ingot":9,"minecraft:torch":168},"minecraft:broken":{"minecraft:iron_leggings":1,"iceandfire:armor_copper_metal_chestplate":1,"iceandfire:silver_axe":1,"iceandfire:armor_copper_metal_boots":1,"iceandfire:armor_copper_metal_helmet":2},"minecraft:killed_by":{"minecraft:husk":1,"minecraft:zombie":4},"minecraft:used":{"vanillaplustools:stone_hammer":42,"minecraft:stone_hoe":3,"minecraft:torch":180,"iceandfire:armor_copper_metal_boots":1,"minecraft:dirt":26,"minecraft:anvil":1,"scalinghealth:heart_crystal":15,"minecraft:tuff":4,"born_in_chaos_v1:corpse_maggot":2,"rats:cooked_rat":1,"iceandfire:armor_copper_metal_helmet":1,"minecraft:oak_sapling":7,"tombstone:gift":6,"minecraft:cooked_beef":72,"minecraft:cobbled_deepslate":32,"swem:sword_amethyst":141,"minecraft:iron_leggings":1,"minecraft:wheat_seeds":259,"minecraft:water_bucket":11,"minecraft:baked_potato":1,"scalinghealth:chance_heart":2,"soulsweapons:bluemoon_greatsword":1,"soulsweapons:bluemoon_shortsword":33,"iceandfire:silver_axe":327,"minecraft:diamond_pickaxe":62,"iceandfire:armor_copper_metal_chestplate":1,"scalinghealth:enchanted_heart":1,"minecraft:iron_pickaxe":5,"spartanshields:diamond_tower_shield":117,"minecraft:cobblestone":51,"travelersbackpack:standard":14,"minecraft:bucket":10},"minecraft:custom":{"minecraft:interact_with_smithing_table":2,"minecraft:mob_kills":148,"minecraft:interact_with_anvil":3,"minecraft:animals_bred":73,"minecraft:interact_with_crafting_table":35,"goblintraders:trade_with_goblin":43,"minecraft:damage_dealt_resisted":2495,"minecraft:leave_game":7,"minecraft:time_since_death":35892,"minecraft:sprint_one_cm":509689,"minecraft:walk_one_cm":727839,"minecraft:damage_blocked_by_shield":5049,"minecraft:drop":66,"minecraft:play_time":322353,"minecraft:deaths":14,"minecraft:sneak_time":8320,"minecraft:walk_under_water_one_cm":77085,"minecraft:jump":2333,"minecraft:interact_with_blast_furnace":11,"minecraft:walk_on_water_one_cm":60447,"minecraft:enchant_item":9,"minecraft:total_world_time":322353,"tombstone:steal_effect":1,"minecraft:interact_with_furnace":5,"spartanshields:shield_bash_hits":2,"minecraft:time_since_rest":35344,"minecraft:damage_taken":16095,"tombstone:sneak_grave":7,"minecraft:damage_dealt":40889,"minecraft:swim_one_cm":20369,"minecraft:fly_one_cm":386687,"minecraft:open_chest":245,"minecraft:crouch_one_cm":22558,"tombstone:undead_killed":64,"minecraft:interact_with_smoker":21,"minecraft:fall_one_cm":47034,"minecraft:horse_one_cm":11990},"minecraft:mined":{"minecraft:large_amethyst_bud":3,"minecraft:oak_sapling":4,"minecraft:budding_amethyst":2,"minecraft:grass_block":1,"minecraft:crimson_roots":1,"minecraft:cobbled_deepslate":1,"minecraft:fire":22,"treechop:chopped_log":14,"minecraft:anvil":1,"soulsweapons:moonstone_ore_deepslate":6,"minecraft:deepslate_iron_ore":6,"minecraft:small_amethyst_bud":16,"minecraft:stone":99,"soulsweapons:verglas_ore_deepslate":1,"minecraft:medium_amethyst_bud":9,"minecraft:amethyst_cluster":2,"minecraft:torch":3,"minecraft:sculk_sensor":1,"minecraft:copper_ore":1,"minecraft:cobblestone":2,"swem:shining_amethyst_cluster":2,"minecraft:sculk":1,"minecraft:wall_torch":13,"minecraft:amethyst_block":4,"minecraft:nether_wart_block":1,"minecraft:wheat":131,"minecraft:grass":9,"minecraft:oak_log":1,"minecraft:coal_ore":63,"minecraft:gravel":1,"minecraft:dirt":25,"minecraft:deepslate":133},"minecraft:picked_up":{"born_in_chaos_v1:diamond_termite_shard":1,"minecraft:wheat":152,"minecraft:anvil":1,"soulsweapons:moonstone":14,"minecraft:amethyst_block":30,"minecraft:raw_copper":3,"minecraft:wooden_sword":1,"minecraft:iron_leggings":2,"minecraft:cobbled_deepslate":1931,"bosses_of_mass_destruction:soul_star":1,"minecraft:beef":7,"scalinghealth:chance_heart":1,"spartanshields:diamond_tower_shield":3,"minecraft:calcite":17,"minecraft:sugar_cane":13,"minecraft:stick":92,"minecraft:raw_iron":14,"minecraft:torch":20,"minecraft:acacia_log":43,"tombstone:grave_dust":2,"minecraft:carrot":1,"minecraft:redstone":1,"swem:sword_amethyst":10,"minecraft:arrow":18,"minecraft:rotten_flesh":111,"swem:alfalfa_seeds":1,"mowziesmobs:umvuthana_mask_bliss":1,"soulsweapons:bluemoon_greatsword":1,"minecraft:gold_ingot":1,"scalinghealth:power_crystal":2,"born_in_chaos_v1:fused_bone":3,"minecraft:cobblestone":252,"born_in_chaos_v1:corpse_maggot":5,"swem:timothy_seeds":2,"minecraft:cooked_beef":40,"minecraft:leather":5,"majruszsdifficulty:tattered_helmet":1,"vanillaplustools:diamond_hammer":1,"minecraft:flint":2,"minecraft:tuff":47,"minecraft:oak_log":44,"jeg:scrap":25,"scalinghealth:heart_crystal":21,"skilltree:gem":7,"minecraft:dirt":2,"minecraft:bone":17,"minecraft:apple":3,"minecraft:bow":1,"minecraft:wheat_seeds":458,"minecraft:raw_gold":4,"minecraft:iron_ingot":1,"portablemobs:master_capture_cell":1,"swem:oat_seeds":3,"jeg:tech_trash":2,"minecraft:acacia_sapling":16,"minecraft:smooth_basalt":7,"minecraft:quartz":25,"minecraft:gravel":34,"minecraft:amethyst_shard":30,"scalinghealth:enchanted_heart":1,"swem:shining_amethyst_shard":8,"travelersbackpack:standard":1,"minecraft:sculk_sensor":1,"minecraft:diamond":17,"minecraft:chainmail_leggings":1,"soulsweapons:verglas":4,"minecraft:netherrack":1690,"tombstone:magic_scroll":1,"minecraft:oak_sapling":24,"minecraft:coal":61,"minecraft:diamond_pickaxe":1},"minecraft:dropped":{"minecraft:stone_hoe":1,"minecraft:iron_ingot":1,"minecraft:wheat_seeds":1,"minecraft:cooked_beef":33,"soulsweapons:bluemoon_greatsword":1,"scalinghealth:heart_crystal_shard":5,"iceandfire:armor_copper_metal_chestplate":1,"jeg:scrap":3,"scalinghealth:heart_crystal":6,"tombstone:magic_scroll":1,"mowziesmobs:umvuthana_mask_bliss":2,"born_in_chaos_v1:fused_bone":3,"iceandfire:armor_copper_metal_boots":1,"tombstone:grave_dust":2,"minecraft:iron_leggings":1,"minecraft:chain":1,"spartanshields:diamond_tower_shield":2,"minecraft:bone":20,"minecraft:smooth_basalt":9,"minecraft:gravel":3,"vanillaplustools:stone_shovel":1,"born_in_chaos_v1:fire_dust":2,"minecraft:cobbled_deepslate":15,"born_in_chaos_v1:ethereal_spirit":1,"minecraft:stone_shovel":1,"minecraft:rotten_flesh":73,"scalinghealth:power_crystal_shard":12,"alexsmobs:blood_sac":2,"minecraft:tipped_arrow":2,"minecraft:diamond_pickaxe":1,"born_in_chaos_v1:corpse_maggot":6,"minecraft:arrow":22,"iceandfire:armor_copper_metal_leggings":1,"swem:sword_amethyst":9}},"DataVersion":3465}